"org.apache.cassandra.metrics:type=ClientRequest,scope=Write,name=Latency/99thPercentile","org.apache.cassandra.metrics:type=ClientRequest,scope=Write,name=Latency/OneMinuteRate","org.apache.cassandra.metrics:type=Storage,name=Load/Count","org.apache.cassandra.metrics:type=ClientRequest,scope=Write,name=Latency/Mean"
0.0,0.013896690244560328,117431,7918.5
0.0,0.013896690244560328,122869,3183.625
0.0,0.013896690244560328,108434,2854.689655172414
11864.0,0.013896690244560328,93020,3429.0476190476193
11864.0,0.013896690244560328,93020,3193.9464285714284
11864.0,0.013896690244560328,93020,3047.4927536231885
11864.0,0.013896690244560328,93020,2878.9506172839506
11864.0,0.013896690244560328,93020,2912.127659574468
11864.0,0.013896690244560328,93020,2855.0925925925926
11864.0,0.013896690244560328,93020,2818.8512396694214
11864.0,0.013896690244560328,93020,2850.10447761194
11864.0,0.013896690244560328,93020,2755.2380952380954
11864.0,0.013896690244560328,93020,2753.7169811320755
11864.0,0.013896690244560328,93020,54353.32460732984
11864.0,2.203568611397883,93020,51007.544117647056
11864.0,2.203568611397883,93020,48073.235023041474
654949.0,2.203568611397883,93020,45488.87391304348
545791.0,2.203568611397883,93020,43323.67768595041
545791.0,2.203568611397883,93020,41215.47450980392
545791.0,2.203568611397883,93020,39465.183520599254
545791.0,2.203568611397883,93020,37715.55357142857
545791.0,2.203568611397883,93020,36175.19453924915
545791.0,2.203568611397883,93020,34837.770491803276
545791.0,2.203568611397883,93020,33581.10410094637
545791.0,2.203568611397883,93020,32321.533333333333
545791.0,2.203568611397883,93020,31237.97084548105
545791.0,2.203568611397883,93020,30196.724719101123
545791.0,2.203568611397883,93020,30899.253048780487
545791.0,2.203568611397883,93020,29807.090909090908
545791.0,2.203568611397883,93020,28869.02549575071
545791.0,5.609391217775433,93020,27881.379781420765
545791.0,5.609391217775433,93020,27079.486772486773
545791.0,5.609391217775433,93020,26160.48214285714
545791.0,5.609391217775433,93020,25426.257425742573
545791.0,5.609391217775433,93020,29818.16173120729
545791.0,5.609391217775433,93020,40288.42887473461
545791.0,5.609391217775433,93020,40288.42887473461
545791.0,5.609391217775433,93020,141475.31094049904
545791.0,5.609391217775433,93020,171188.07414104883
545791.0,5.609391217775433,93020,186896.78984238178
1358102.0,5.609391217775433,93020,286714.4962742176
1358102.0,5.609391217775433,93020,291035.0830945559
1358102.0,5.609391217775433,93020,268874.44591346156
1358102.0,9.958224181625665,93020,277046.1875
1358102.0,9.958224181625665,93020,270174.35692921234
1358102.0,9.958224181625665,93020,291106.8963585434
1358102.0,9.958224181625665,93020,291106.8963585434
1131752.0,9.958224181625665,93020,291106.8963585434
1131752.0,9.958224181625665,93020,417503.9112662014
1131752.0,9.958224181625665,93020,417503.9112662014
1131752.0,16.358011221292262,93020,417503.9112662014
2816159.0,16.358011221292262,93020,502951.26745240256
2816159.0,16.358011221292262,93020,502951.26745240256
2816159.0,16.358011221292262,93020,502951.26745240256
2816159.0,16.358011221292262,93020,542247.309484193
2816159.0,17.448764419714042,93020,532704.7964884278
2816159.0,17.448764419714042,93020,479000.8511988717
2816159.0,17.448764419714042,93020,451215.419005102
2816159.0,17.448764419714042,93020,444165.9006024096
2816159.0,17.448764419714042,93020,445176.8507194245
2816159.0,17.448764419714042,93020,391241.9453850355
2816159.0,17.448764419714042,93020,387919.2912831619
2816159.0,17.448764419714042,93020,385420.8192576654
2816159.0,29.326265418073103,93020,382954.202565473
2816159.0,29.326265418073103,93020,380317.63163481955
2816159.0,29.326265418073103,93020,377916.1439873418
2816159.0,29.326265418073103,93020,375544.6996855346
2816159.0,29.326265418073103,93020,374175.13368146215
2816159.0,29.326265418073103,93020,374175.13368146215
2816159.0,29.326265418073103,93020,351357.7558027079
2816159.0,29.326265418073103,93020,318623.2331741207
2816159.0,29.326265418073103,93020,292951.5063846768
2816159.0,29.326265418073103,93020,273593.44895678095
2816159.0,29.326265418073103,93020,256151.70571827056
2816159.0,29.326265418073103,93020,240781.8623853211
2816159.0,29.326265418073103,93020,228558.02705223882
2816159.0,29.326265418073103,93020,217832.07370283018
2816159.0,29.326265418073103,93020,206390.28092711532
2816159.0,29.326265418073103,93020,195163.22940865892
2816159.0,52.24743167696908,93020,185941.78048780488
2816159.0,52.24743167696908,93020,178617.0422603236
2816159.0,52.24743167696908,93020,175316.97899910636
2816159.0,52.24743167696908,93020,170456.04733975703
2816159.0,52.24743167696908,93020,162778.79716510282
2816159.0,52.24743167696908,93020,157904.73688286543
1629722.0,52.24743167696908,93020,160756.5671182266
1629722.0,52.24743167696908,93020,174535.22960372962
1629722.0,52.24743167696908,93020,174771.98310066128
1629722.0,52.24743167696908,93020,211930.99734794907
1629722.0,83.90605105625988,93020,215781.6927285563
1629722.0,83.90605105625988,93020,241385.32526370397
1629722.0,83.90605105625988,93020,241385.32526370397
1955666.0,83.90605105625988,93020,266198.37750538345
1955666.0,83.90605105625988,93020,270167.8679930796
1955666.0,88.5349956334767,93020,277958.6525423729
1629722.0,88.5349956334767,93020,285637.803251493
1629722.0,88.5349956334767,93020,285637.803251493
1629722.0,88.5349956334767,93020,320362.2361923327
1629722.0,88.5349956334767,93020,320362.2361923327
1629722.0,88.5349956334767,93020,320362.2361923327
1955666.0,95.73619577901462,93020,320362.2361923327
1955666.0,95.73619577901462,93020,329211.30502992077
1955666.0,95.73619577901462,93020,365164.54328453215
1955666.0,95.73619577901462,93020,365164.54328453215
2346799.0,95.73619577901462,93020,382323.33575286967
2816159.0,95.73619577901462,93020,385568.3278985507
2816159.0,95.73619577901462,93020,402216.29324280634
2816159.0,95.73619577901462,93020,396627.8317073171
2816159.0,94.22214116080978,93020,396357.3114730047
2816159.0,94.22214116080978,93020,318864.3893745797
2816159.0,94.22214116080978,93020,292015.1053375038
2816159.0,94.22214116080978,93020,207600.63283432418
2346799.0,94.22214116080978,93020,228008.46855323153
2346799.0,148.3503021472846,93020,212837.4007290893
2346799.0,148.3503021472846,93020,185663.0867620225
2816159.0,214.95727838196382,93020,146453.97342515137
2816159.0,213.76136043338175,93020,162777.67497447322
2816159.0,213.76136043338175,93020,143637.5294025404
2346799.0,213.76136043338175,93020,138269.82950806982
3379391.0,339.582559021846,93020,125964.74902168165
3379391.0,287.3790064924344,93020,121686.05584879959
2816159.0,287.3790064924344,93020,114834.80857216296
2816159.0,287.3790064924344,93020,115473.22233913654
2816159.0,425.54393656115013,93020,112026.63580561033
2346799.0,425.54393656115013,93020,111913.56014488149
2346799.0,425.54393656115013,93020,111365.46313626305
2346799.0,425.54393656115013,93020,110764.12923309121
2346799.0,425.54393656115013,93020,113942.0256306067
2346799.0,425.54393656115013,93020,118202.45544683626
2346799.0,425.54393656115013,93020,122495.8966155645
2346799.0,473.137983558848,93020,123367.98852567538
2346799.0,473.137983558848,93020,125108.31583894245
2346799.0,473.137983558848,93020,126463.63801044854
2346799.0,473.137983558848,93020,125888.01088996216
2346799.0,473.137983558848,93020,125385.88183210784
2346799.0,474.83800052956127,93020,125030.96259722898
2346799.0,474.83800052956127,93020,124214.31219438575
2346799.0,474.83800052956127,93020,123898.6835465904
2346799.0,474.83800052956127,93020,123641.38640870036
2346799.0,474.83800052956127,93020,123183.11178766588
2346799.0,474.83800052956127,93020,122109.6423759194
2346799.0,474.83800052956127,93020,121145.97387865224
2346799.0,474.83800052956127,93020,120213.04476885645
2346799.0,468.9822133258423,93020,119419.73211480363
2346799.0,468.9822133258423,93020,118614.91715177339
2346799.0,468.9822133258423,93020,117854.55122314666
2346799.0,468.9822133258423,93020,117423.33611703938
2346799.0,468.9822133258423,93020,115249.22378165313
2346799.0,468.9822133258423,93020,114522.89629695567
2346799.0,468.9822133258423,93020,113775.0211348563
1955666.0,468.9822133258423,93020,113024.27418599204
1955666.0,468.9822133258423,93020,112217.370621239
1955666.0,468.9822133258423,93020,111605.1207031137
1955666.0,468.9822133258423,93020,110872.20325109854
1955666.0,468.9822133258423,93020,110142.89891871843
1955666.0,488.5727538856022,93020,109251.0192092393
1955666.0,488.5727538856022,93020,108558.15787470726
1955666.0,488.5727538856022,93020,107858.53846377571
1955666.0,488.5727538856022,93020,107112.75170402034
1955666.0,488.5727538856022,93020,106735.52557055285
1955666.0,488.5727538856022,93020,106141.84597773517
1955666.0,488.5727538856022,93020,105490.5957622298
1955666.0,488.5727538856022,93020,104815.04990392223
1955666.0,488.5727538856022,93020,104190.80858258993
1955666.0,488.5727538856022,93020,103498.12755914632
1955666.0,488.5727538856022,93020,102858.7405680739
1955666.0,488.5727538856022,93020,102183.57487135506
1955666.0,488.5727538856022,93020,101517.47144358297
1955666.0,488.5727538856022,93020,100916.61710236577
1955666.0,499.12906963355726,93020,100535.76080659222
1955666.0,499.12906963355726,93020,99877.32668398849
1955666.0,499.12906963355726,93020,99229.95567336516
1955666.0,499.12906963355726,93020,98605.62989445985
1955666.0,499.12906963355726,93020,98105.79235795455
1955666.0,499.12906963355726,93020,95785.06273716866
1955666.0,499.12906963355726,93020,94227.3517691889
1955666.0,499.12906963355726,93020,93690.47199069062
1629722.0,499.12906963355726,93020,93206.69049410585
1629722.0,499.12906963355726,93020,92757.81710022742
1629722.0,499.12906963355726,93020,92328.59953627028
1629722.0,516.6929874599274,93020,91742.85573626615
1629722.0,516.6929874599274,93020,91166.87294579348
1629722.0,516.6929874599274,93020,90629.84400736888
1629722.0,516.6929874599274,93020,90084.58941217653
1629722.0,516.6929874599274,93020,89519.34134268055
1629722.0,516.6929874599274,93020,88872.3681462141
1629722.0,516.6929874599274,93020,88930.53121627455
1629722.0,516.6929874599274,93020,88381.04582260833
1629722.0,516.6929874599274,93020,87804.86562075486
1629722.0,516.6929874599274,93020,87317.42382264131
1629722.0,516.6929874599274,93020,86833.54098403835
1629722.0,516.6929874599274,93020,86530.3671898295
1629722.0,523.7216441057564,93020,86051.2584236347
1629722.0,523.7216441057564,93020,85556.82438226939
1629722.0,523.7216441057564,93020,85106.40186068829
1629722.0,523.7216441057564,93020,84689.3337754317
1629722.0,523.7216441057564,93020,82928.01729735345
1629722.0,523.7216441057564,93020,81916.60325808107
1629722.0,523.7216441057564,93020,81606.97891589359
1629722.0,523.7216441057564,93020,81359.83695195038
1629722.0,523.7216441057564,93020,80895.94462157642
1629722.0,523.7216441057564,93020,80430.82009509705
1629722.0,523.7216441057564,93020,79960.90272504197
1629722.0,523.7216441057564,93020,79584.00205655527
1629722.0,523.7216441057564,93020,79139.8731595092
1629722.0,536.1050337125286,93020,78684.80621632612
1629722.0,536.1050337125286,93020,78237.02632975363
1629722.0,536.1050337125286,93020,77782.85525522508
1629722.0,536.1050337125286,93020,77540.70085185848
1629722.0,536.1050337125286,93020,77129.52288745834
1629722.0,536.1050337125286,93020,76722.90202728355
1629722.0,536.1050337125286,93020,76397.02268088002
1629722.0,536.1050337125286,93020,76017.31082651243
1629722.0,536.1050337125286,93020,75581.54474508394
1358102.0,536.1050337125286,93020,75143.27333282291
1358102.0,536.1050337125286,93020,74611.76343595592
1358102.0,536.1050337125286,93020,74177.43432918534
1358102.0,536.1050337125286,93020,73783.1760122269
1358102.0,543.0047982565861,93020,73440.96319201995
1358102.0,543.0047982565861,93020,73092.21549648822
1358102.0,543.0047982565861,93020,72734.3178080162
1358102.0,543.0047982565861,93020,72252.74748394275
1358102.0,543.0047982565861,93020,71567.94542403446
1358102.0,543.0047982565861,93020,70275.15301379633
1358102.0,543.0047982565861,93020,69880.52258340032
1358102.0,543.0047982565861,93020,69696.82855639626
1358102.0,543.0047982565861,93020,69323.29436096783
1358102.0,543.0047982565861,93020,68957.04682000694
1358102.0,543.0047982565861,93020,68610.11703491813
1358102.0,543.0047982565861,93020,68250.03605769231
1358102.0,550.7121330389053,93020,67900.25524646169
1358102.0,550.7121330389053,93020,67667.57599338553
1358102.0,550.7121330389053,93020,67240.06494442925
1358102.0,550.7121330389053,93020,66859.67058096416
1358102.0,550.7121330389053,93020,66498.3041404406
1358102.0,550.7121330389053,93020,66131.31283618583
1358102.0,550.7121330389053,93020,65776.3894414318
1358102.0,550.7121330389053,93020,65410.9097811631
1358102.0,550.7121330389053,93020,65059.191174654916
1358102.0,550.7121330389053,93020,64596.771934985656
1358102.0,550.7121330389053,93020,64253.537368023215
1358102.0,550.7121330389053,93020,63915.820106718405
1358102.0,550.7121330389053,93020,63575.75425180325
1358102.0,550.7121330389053,93020,63243.37544693206
1358102.0,556.34803170331,93020,62994.78142403021
1358102.0,556.34803170331,93020,62861.33337308307
1358102.0,556.34803170331,93020,62587.88695694526
1358102.0,556.34803170331,93020,62239.86797752809
1358102.0,556.34803170331,93020,60862.983800711074
1358102.0,556.34803170331,93020,60561.119854749915
1358102.0,556.34803170331,93020,60361.29640353186
1358102.0,556.34803170331,93020,60186.66917974901
1358102.0,556.34803170331,93020,59877.09572069399
1358102.0,556.34803170331,93020,59564.03293434379
1358102.0,558.287112024863,93020,59177.08795627468
1358102.0,558.287112024863,93020,58857.45277777778
1358102.0,558.287112024863,93020,58555.358735528134
1358102.0,558.287112024863,93020,58263.199592330115
1358102.0,558.287112024863,93020,57949.162462873035
1358102.0,558.287112024863,93020,57649.50456090984
1358102.0,558.287112024863,93020,57354.352835514495
1358102.0,558.287112024863,93020,57105.680726615625
1358102.0,558.287112024863,93020,56822.31977762006
1358102.0,558.287112024863,93020,56536.69441698442
1358102.0,558.287112024863,93020,56243.87169281199
1358102.0,558.287112024863,93020,55970.11087554168
1358102.0,558.287112024863,93020,55634.332724339205
1358102.0,558.287112024863,93020,55334.61915661798
1358102.0,558.287112024863,93020,55043.06166087691
1131752.0,563.6531622688317,93020,54801.72054493621
1131752.0,563.6531622688317,93020,54555.86752425039
1131752.0,563.6531622688317,93020,54328.17605400284
1131752.0,563.6531622688317,93020,53359.04858930524
1131752.0,563.6531622688317,93020,52691.38006108904
1131752.0,563.6531622688317,93020,52498.05651450922
1131752.0,563.6531622688317,93020,52227.430045898276
1131752.0,563.6531622688317,93020,51953.52989571263
1131752.0,563.6531622688317,93020,51786.15111686032
1131752.0,563.6531622688317,93020,51535.675593048916
1131752.0,563.6531622688317,93020,51280.80362738147
1131752.0,570.6850031611272,93020,51080.39300832674
1131752.0,570.6850031611272,93020,50825.665139313154
1131752.0,570.6850031611272,93020,50569.08520974352
1131752.0,570.6850031611272,93020,50317.3387776607
1131752.0,570.6850031611272,93020,50064.681746701004
1131752.0,570.6850031611272,93020,49892.807404042695
1131752.0,570.6850031611272,93020,49635.40209257206
1131752.0,570.6850031611272,93020,49383.93340839633
1131752.0,570.6850031611272,93020,49135.47985917425
1131752.0,570.6850031611272,93020,48890.63806750978
1131752.0,570.6850031611272,93020,48630.30624618239
1131752.0,570.6850031611272,93020,48382.49147011163
1131752.0,570.6850031611272,93020,48183.58056324495
1131752.0,570.6850031611272,93020,47939.959099599415
1131752.0,570.6850031611272,93020,47708.660604276134
1131752.0,574.6280126009324,93020,47483.779194769915
1131752.0,574.6280126009324,93020,47269.08993836072
1131752.0,574.6280126009324,93020,47073.102795208215
1131752.0,574.6280126009324,93020,46919.526051261055
1131752.0,574.6280126009324,93020,46183.550251141554
1131752.0,574.6280126009324,93020,45850.646956795965
1131752.0,574.6280126009324,93020,45740.66619477776
1131752.0,574.6280126009324,93020,45533.836804079896
1131752.0,574.6280126009324,93020,45318.86877253907
1131752.0,574.6280126009324,93020,45128.93809351542
1131752.0,574.6280126009324,93020,44958.65534483535
1131752.0,574.6280126009324,93020,44741.07483694556
1131752.0,582.1735800960189,93020,44531.637809502565
1131752.0,582.1735800960189,93020,44311.273393110794
1131752.0,582.1735800960189,93020,44059.13560237709
1131752.0,582.1735800960189,93020,43839.28618141097
1131752.0,582.1735800960189,93020,43628.40107869576
1131752.0,582.1735800960189,93020,43387.844340475545
1131752.0,582.1735800960189,93020,43168.37657402411
1131752.0,582.1735800960189,93020,42950.480861725686
1131752.0,582.1735800960189,93020,42738.74324444642
1131752.0,582.1735800960189,93020,42528.07100460666
1131752.0,582.1735800960189,93020,42335.899213015015
1131752.0,582.1735800960189,93020,43434.783986840936
1131752.0,582.1735800960189,93020,43234.97311887431
1131752.0,581.5840211831642,93020,43027.55257595773
1131752.0,581.5840211831642,93020,42924.05440249501
943127.0,581.5840211831642,93020,42785.161439073294
943127.0,581.5840211831642,93020,42609.1801100315
943127.0,581.5840211831642,93020,41845.587421024924
943127.0,581.5840211831642,93020,41716.67513722746
943127.0,581.5840211831642,93020,41408.207606551565
943127.0,581.5840211831642,93020,41213.92427484284
943127.0,581.5840211831642,93020,41031.822569665565
943127.0,582.1929612276349,93020,40981.19824033857
943127.0,582.1929612276349,93020,40776.85542061874
943127.0,582.1929612276349,93020,40574.94500793791
943127.0,582.1929612276349,93020,40376.15173654534
943127.0,582.1929612276349,93020,40185.06482674294
943127.0,582.1929612276349,93020,39994.43362812629
943127.0,582.1929612276349,93020,39771.47447262489
943127.0,582.1929612276349,93020,39576.13552199606
943127.0,582.1929612276349,93020,39404.94531440342
943127.0,582.1929612276349,93020,39208.482866524166
943127.0,582.1929612276349,93020,39024.110226549994
943127.0,582.1929612276349,93020,38839.6439749438
943127.0,582.1929612276349,93020,38653.00849224621
943127.0,582.1929612276349,93020,38470.03501567059
943127.0,582.8491598168391,93020,38278.60473305483
943127.0,582.8491598168391,93020,38096.64712796291
943127.0,582.8491598168391,93020,37936.64952319029
943127.0,582.8491598168391,93020,37901.36847771162
943127.0,582.8491598168391,93020,37746.395081716146
943127.0,582.8491598168391,93020,37333.1894162671
943127.0,582.8491598168391,93020,36579.97998319364
943127.0,582.8491598168391,93020,36427.05496674533
943127.0,582.8491598168391,93020,36344.92283322987
943127.0,582.8491598168391,93020,36179.96919379979
943127.0,582.8491598168391,93020,36013.154298642534
943127.0,582.8491598168391,93020,35959.271066588095
943127.0,590.7128588153817,93020,35807.893776077886
943127.0,590.7128588153817,93020,35649.350683627556
943127.0,590.7128588153817,93020,35494.77591591462
943127.0,590.7128588153817,93020,35337.060055746144
943127.0,590.7128588153817,93020,35179.884124477074
943127.0,590.7128588153817,93020,35055.547101840064
943127.0,590.7128588153817,93020,34903.83733516601
943127.0,590.7128588153817,93020,34742.86860330896
943127.0,590.7128588153817,93020,34579.49786202055
943127.0,590.7128588153817,93020,34387.39699497012
943127.0,590.7128588153817,93020,34229.34652660405
943127.0,590.7128588153817,93020,34076.251261846446
943127.0,590.7128588153817,93020,33864.15443108871
785939.0,590.7128588153817,93020,33721.61993007743
785939.0,590.7128588153817,93020,33689.73445152343
785939.0,592.6227691716298,93020,33532.985786999096
785939.0,592.6227691716298,93020,33384.64468825146
785939.0,592.6227691716298,93020,33247.989330995704
785939.0,592.6227691716298,93020,33127.81000766871
785939.0,592.6227691716298,93020,32443.728107138388
785939.0,592.6227691716298,93020,32273.076220154126
785939.0,592.6227691716298,93020,32140.995680888984
785939.0,592.6227691716298,93020,31928.351068561624
785939.0,592.6227691716298,93020,31870.92396861128
785939.0,592.6227691716298,93020,31753.59670523139
785939.0,592.6227691716298,93020,31699.477430959687
785939.0,592.6227691716298,93020,31561.376142923356
785939.0,592.6227691716298,93020,31425.790603041427
785939.0,600.0088447374343,93020,31230.403391768294
785939.0,600.0088447374343,93020,31100.29654459975
785939.0,600.0088447374343,93020,30964.530192045335
785939.0,600.0088447374343,93020,30871.383248247083
785939.0,600.0088447374343,93020,30802.848078792747
785939.0,600.0088447374343,93020,30672.459123334946
785939.0,600.0088447374343,93020,30538.751346028952
785939.0,600.0088447374343,93020,30397.89222043829
785939.0,600.0088447374343,93020,30218.901386230253
785939.0,600.0088447374343,93020,30079.342831421152
785939.0,600.0088447374343,93020,29940.375724109188
785939.0,600.0088447374343,93020,29803.424681115834
785939.0,600.0088447374343,93020,29679.972945262805
785939.0,600.0088447374343,93020,29543.720286565174
785939.0,600.0088447374343,93020,29406.28711188492
785939.0,601.8151337806526,93020,29303.83220788995
785939.0,601.8151337806526,93020,29176.018731658583
785939.0,601.8151337806526,93020,29052.633322971713
654949.0,601.8151337806526,93020,28900.257618250314
654949.0,601.8151337806526,93020,28302.680500051236
654949.0,601.8151337806526,93020,28267.12448612804
654949.0,601.8151337806526,93020,28146.339188383143
654949.0,601.8151337806526,93020,28024.911373223575
654949.0,601.8151337806526,93020,27805.678473326585
654949.0,601.8151337806526,93020,27681.69784749491
654949.0,601.8151337806526,93020,27619.899634886773
654949.0,601.8151337806526,93020,27608.302367941713
654949.0,601.8151337806526,93020,27486.46992643877
654949.0,601.8151337806526,93020,27377.307578903656
654949.0,611.6484607509548,93020,27258.50712144703
654949.0,611.6484607509548,93020,27140.659292035398
654949.0,611.6484607509548,93020,27030.808508873775
654949.0,611.6484607509548,93020,26908.955010731384
654949.0,611.6484607509548,93020,26786.51245814761
654949.0,611.6484607509548,93020,26667.839689193333
654949.0,611.6484607509548,93020,26551.148050890584
654949.0,611.6484607509548,93020,26432.276509087962
654949.0,611.6484607509548,93020,26260.11166465892
654949.0,611.6484607509548,93020,26162.92671615987
654949.0,611.6484607509548,93020,26075.72283454888
654949.0,611.6484607509548,93020,25960.859196867415
654949.0,611.6484607509548,93020,25845.201591619636
654949.0,607.5668511893401,93020,25733.635971281885
654949.0,607.5668511893401,93020,25615.85427227753
654949.0,607.5668511893401,93020,25508.892965740928
654949.0,607.5668511893401,93020,25412.899289099525
654949.0,607.5668511893401,93020,25305.63093664192
654949.0,607.5668511893401,93020,25077.704585306863
654949.0,607.5668511893401,93020,24716.951027459174
654949.0,607.5668511893401,93020,24611.2504099836
654949.0,607.5668511893401,93020,24479.136222660814
654949.0,607.5668511893401,93020,24402.185780643096
654949.0,607.5668511893401,93020,24330.96579140504
654949.0,607.5668511893401,93020,24247.109251208713
654949.0,607.5668511893401,93020,24177.26051203111
654949.0,619.9626173543558,93020,24077.29014561736
654949.0,619.9626173543558,93020,23932.044868541267
654949.0,619.9626173543558,93020,23875.98059661821
654949.0,619.9626173543558,93020,23775.30713951263
654949.0,619.9626173543558,93020,23673.876867259867
654949.0,619.9626173543558,93020,23608.942357116634
654949.0,619.9626173543558,93020,23510.81046388821
654949.0,619.9626173543558,93020,23414.551917320605
654949.0,619.9626173543558,93020,23320.09571189752
654949.0,619.9626173543558,93020,23233.352589439546
654949.0,619.9626173543558,93020,23137.2502522908
654949.0,619.9626173543558,93020,23041.70894547501
654949.0,619.9626173543558,93020,22956.720176343304
654949.0,619.9626173543558,93020,22860.86776609883
654949.0,619.9626173543558,93020,22768.26037698015
654949.0,617.3270719884385,93020,22675.883234562407
654949.0,617.3270719884385,93020,22595.18545461873
654949.0,617.3270719884385,93020,22497.782084461833
654949.0,617.3270719884385,93020,22381.031520532742
654949.0,617.3270719884385,93020,22301.04395029957
654949.0,617.3270719884385,93020,22067.4855272843
654949.0,617.3270719884385,93020,21852.21266008485
654949.0,617.3270719884385,93020,21761.24431149666
654949.0,617.3270719884385,93020,21669.1118656183
654949.0,617.3270719884385,93020,21576.74939706638
654949.0,617.3270719884385,93020,21493.25856501536
654949.0,617.3270719884385,93020,21367.027188700384
654949.0,617.3270719884385,93020,21278.490079286028
545791.0,623.7773231711694,93020,21187.435462118206
545791.0,623.7773231711694,93020,21132.4502864443
545791.0,623.7773231711694,93020,21042.572876505426
545791.0,623.7773231711694,93020,20960.66720769581
545791.0,623.7773231711694,93020,20813.15576869503
545791.0,623.7773231711694,93020,20781.932266133066
545791.0,623.7773231711694,93020,20700.488560723825
545791.0,623.7773231711694,93020,20611.33328042538
545791.0,623.7773231711694,93020,20552.987318045864
545791.0,623.7773231711694,93020,20462.896718740696
545791.0,623.7773231711694,93020,20374.617880716178
545791.0,623.7773231711694,93020,20287.576358556646
545791.0,623.7773231711694,93020,20209.0896522832
545791.0,623.7773231711694,93020,20126.443830826993
545791.0,623.7773231711694,93020,20046.936591156395
545791.0,621.7962377931002,93020,19907.149510973282
545791.0,621.7962377931002,93020,19825.68000870994
545791.0,621.7962377931002,93020,19740.770757375692
545791.0,621.7962377931002,93020,19657.703418363304
545791.0,621.7962377931002,93020,19408.623411410474
545791.0,621.7962377931002,93020,19133.91155002147
545791.0,621.7962377931002,93020,19055.096507763763
545791.0,621.7962377931002,93020,18986.042516117792
545791.0,621.7962377931002,93020,19007.80324555551
545791.0,621.7962377931002,93020,18950.038887367475
545791.0,621.7962377931002,93020,18945.587621163562
545791.0,621.7962377931002,93020,18869.709200556066
545791.0,621.7962377931002,93020,18655.96792400881
545791.0,628.1929854322093,93020,18589.49920645806
545791.0,628.1929854322093,93020,18507.58265720081
545791.0,628.1929854322093,93020,18440.343277095104
545791.0,628.1929854322093,93020,18358.168859261008
545791.0,628.1929854322093,93020,18279.167658574785
545791.0,628.1929854322093,93020,18267.221647761897
545791.0,628.1929854322093,93020,18188.88255440739
545791.0,628.1929854322093,93020,18110.228324825624
545791.0,628.1929854322093,93020,17987.549551666078
545791.0,628.1929854322093,93020,17912.584210526315
545791.0,628.1929854322093,93020,17890.62489394029
454826.0,628.1929854322093,93020,17814.64518790641
454826.0,628.1929854322093,93020,17738.891488030044
454826.0,624.627527178551,93020,17649.10804390081
454826.0,624.627527178551,93020,17573.88496647706
454826.0,624.627527178551,93020,17501.15881666018
454826.0,624.627527178551,93020,17340.712388944703
454826.0,624.627527178551,93020,17269.51557473519
454826.0,624.627527178551,93020,17180.09527618973
454826.0,624.627527178551,93020,16926.553660091573
454826.0,624.627527178551,93020,16871.674753542822
454826.0,624.627527178551,93020,16878.176503828992
454826.0,624.627527178551,93020,16805.29388942774
454826.0,624.627527178551,93020,16740.610487470294
454826.0,624.627527178551,93020,16674.519126419087
454826.0,624.627527178551,93020,16585.19033997565
454826.0,624.627527178551,93020,16535.063157489116
454826.0,637.0983975447019,93020,16442.003675332715
454826.0,637.0983975447019,93020,16384.04852946845
454826.0,637.0983975447019,93020,16319.601146154146
454826.0,637.0983975447019,93020,16252.933483433939
454826.0,637.0983975447019,93020,16183.054007574587
454826.0,637.0983975447019,93020,16116.911588709523
454826.0,637.0983975447019,93020,16084.392569539
454826.0,637.0983975447019,93020,16016.622073319519
454826.0,637.0983975447019,93020,15951.830161025937
454826.0,637.0983975447019,93020,15926.138521942634
454826.0,637.0983975447019,93020,15863.456795592881
379022.0,637.0983975447019,93020,15808.71659981191
379022.0,637.0983975447019,93020,15687.95261555172
379022.0,637.0983975447019,93020,15624.36173130408
379022.0,637.0983975447019,93020,15573.742234881513
379022.0,632.5490528623618,93020,15512.097834896376
379022.0,632.5490528623618,93020,15449.28239272881
379022.0,632.5490528623618,93020,15403.579107780712
379022.0,632.5490528623618,93020,15341.109064197482
379022.0,632.5490528623618,93020,15202.17432774075
379022.0,632.5490528623618,93020,15036.150295069485
379022.0,632.5490528623618,93020,14999.017316346099
379022.0,632.5490528623618,93020,14883.077629686451
379022.0,632.5490528623618,93020,14822.516708677054
379022.0,632.5490528623618,93020,14762.293320149836
379022.0,632.5490528623618,93020,14653.804755319967
379022.0,632.5490528623618,93020,14611.474044997607
379022.0,632.5490528623618,93020,14553.50147779494
379022.0,640.6926049613096,93020,14527.018121690593
379022.0,640.6926049613096,93020,14468.711634370122
379022.0,640.6926049613096,93020,14426.674801685202
379022.0,640.6926049613096,93020,14339.15861302256
379022.0,640.6926049613096,93020,14279.527586404321
379022.0,640.6926049613096,93020,14274.745613190284
379022.0,640.6926049613096,93020,14216.276371308017
379022.0,640.6926049613096,93020,14159.52729286833
379022.0,640.6926049613096,93020,14151.589305877174
379022.0,640.6926049613096,93020,14096.426172641852
379022.0,640.6926049613096,93020,14038.100768573868
379022.0,640.6926049613096,93020,13962.282130340694
379022.0,640.6926049613096,93020,13881.68135612579
379022.0,640.6926049613096,93020,13827.1621483279
379022.0,637.151163804036,93020,13720.284826108582
379022.0,637.151163804036,93020,13685.302050939617
379022.0,637.151163804036,93020,13625.973553528122
379022.0,637.151163804036,93020,13572.091951158734
379022.0,637.151163804036,93020,13395.23209185314
379022.0,637.151163804036,93020,13303.449859667753
379022.0,637.151163804036,93020,13253.650057609128
379022.0,637.151163804036,93020,13211.296707640759
315852.0,637.151163804036,93020,13203.308270109086
315852.0,637.151163804036,93020,13119.83306345608
315852.0,637.151163804036,93020,13086.151078179919
315852.0,637.151163804036,93020,13047.598249966855
315852.0,639.1379670478643,93020,12933.00656927337
315852.0,639.1379670478643,93020,12879.54538540518
315852.0,639.1379670478643,93020,12828.206641926688
315852.0,639.1379670478643,93020,12820.434485522876
315852.0,639.1379670478643,93020,12769.601782863225
315852.0,639.1379670478643,93020,12720.167546898367
315852.0,639.1379670478643,93020,12719.66530581098
315852.0,639.1379670478643,93020,12668.890309466366
315852.0,639.1379670478643,93020,12629.098214454774
315852.0,639.1379670478643,93020,12568.493929212325
315852.0,639.1379670478643,93020,12515.654471158416
315852.0,639.1379670478643,93020,12367.509565850201
315852.0,639.1379670478643,93020,12318.930445893886
315852.0,639.1379670478643,93020,12270.188916111143
315852.0,634.5214940944395,93020,12222.436531805028
315852.0,634.5214940944395,93020,12204.319438358512
315852.0,634.5214940944395,93020,12155.684500094858
315852.0,634.5214940944395,93020,12108.100816203143
315852.0,634.5214940944395,93020,12073.010638500333
315852.0,634.5214940944395,93020,12023.522662674803
315852.0,634.5214940944395,93020,11946.047632597314
315852.0,634.5214940944395,93020,11799.321751020867
263210.0,634.5214940944395,93020,11753.658054285981
263210.0,634.5214940944395,93020,11711.171970693218
263210.0,634.5214940944395,93020,11664.14791327609
263210.0,634.5214940944395,93020,11618.792708372144
263210.0,634.5214940944395,93020,11562.81161406605
263210.0,634.5214940944395,93020,11525.024603352791
263210.0,634.5214940944395,93020,11485.936707680836
263210.0,648.392069583349,93020,11459.849937090383
263210.0,648.392069583349,93020,11414.531922055578
263210.0,648.392069583349,93020,11405.065018452964
263210.0,648.392069583349,93020,11361.118685069197
263210.0,648.392069583349,93020,11316.238991596638
263210.0,648.392069583349,93020,11316.006426638605
263210.0,648.392069583349,93020,11270.98242922101
263210.0,648.392069583349,93020,11229.030138671438
263210.0,648.392069583349,93020,11033.307879496708
263210.0,648.392069583349,93020,10991.188175174253
263210.0,648.392069583349,93020,10948.006922357343
263210.0,648.392069583349,93020,10906.955239177832
263210.0,648.392069583349,93020,10815.540384435068
263210.0,648.392069583349,93020,10773.152199895421
263210.0,648.392069583349,93020,10795.171482825397
263210.0,645.7541693472222,93020,10753.171222617488
263210.0,645.7541693472222,93020,10712.52855944056
263210.0,645.7541693472222,93020,10681.385009380863
263210.0,645.7541693472222,93020,10647.277556515399
263210.0,645.7541693472222,93020,10512.748864769077
263210.0,645.7541693472222,93020,10475.960600549328
263210.0,645.7541693472222,93020,10438.985449906635
219342.0,645.7541693472222,93020,10421.026350534636
219342.0,645.7541693472222,93020,10379.637582401303
219342.0,645.7541693472222,93020,10339.0369168357
219342.0,645.7541693472222,93020,10338.089617303875
219342.0,645.7541693472222,93020,10298.906920888297
219342.0,645.7541693472222,93020,10259.814831171221
219342.0,651.1468402178765,93020,10113.535976641684
219342.0,651.1468402178765,93020,10074.463551505723
219342.0,651.1468402178765,93020,10036.434231641857
219342.0,651.1468402178765,93020,10029.881207219574
219342.0,651.1468402178765,93020,9990.658834395494
219342.0,651.1468402178765,93020,9951.943653421633
219342.0,651.1468402178765,93020,9925.461734835451
219342.0,651.1468402178765,93020,9887.187634715647
219342.0,651.1468402178765,93020,9805.724612320122
219342.0,651.1468402178765,93020,9776.09160574461
219342.0,651.1468402178765,93020,9745.698252427184
219342.0,651.1468402178765,93020,9758.440854815311
219342.0,651.1468402178765,93020,9726.53286876587
219342.0,651.1468402178765,93020,9695.486886335932
219342.0,648.3526451514008,93020,9653.145997387572
219342.0,648.3526451514008,93020,9621.52059354023
219342.0,648.3526451514008,93020,9581.860488364775
219342.0,648.3526451514008,93020,9504.540061446793
219342.0,648.3526451514008,93020,9473.137243260293
219342.0,648.3526451514008,93020,9443.701710587147
219342.0,648.3526451514008,93020,9474.246857078811
219342.0,648.3526451514008,93020,9313.130850556146
219342.0,648.3526451514008,93020,9264.426752532614
182785.0,648.3526451514008,93020,9233.810892308824
182785.0,648.3526451514008,93020,9234.1609932728
182785.0,648.3526451514008,93020,10479.611603025272
182785.0,648.3526451514008,93020,10444.954615639132
182785.0,648.3526451514008,93020,10464.500955455373
263210.0,646.9971864847391,93020,10426.277091957421
263210.0,646.9971864847391,93020,10388.641693511274
263210.0,646.9971864847391,93020,10357.99896451619
263210.0,646.9971864847391,93020,10182.579425649828
263210.0,646.9971864847391,93020,10146.77710854572
263210.0,646.9971864847391,93020,10111.243541068618
263210.0,646.9971864847391,93020,10107.99912169233
263210.0,646.9971864847391,93020,10070.99527204363
263210.0,646.9971864847391,93020,10036.717594910884
263210.0,646.9971864847391,93020,10002.696410870256
263210.0,646.9971864847391,93020,9966.101440095385
263210.0,646.9971864847391,93020,9933.477991274482
263210.0,642.5838631285374,93020,9899.38114792002
263210.0,642.5838631285374,93020,9879.494249456531
263210.0,642.5838631285374,93020,9845.632550304512
263210.0,642.5838631285374,93020,9811.567529186108
263210.0,642.5838631285374,93020,9797.810214633784
263210.0,642.5838631285374,93020,9766.122717921153
263210.0,642.5838631285374,93020,9668.79702677747
263210.0,642.5838631285374,93020,9614.28278748715
263210.0,642.5838631285374,93020,9545.30406856212
219342.0,642.5838631285374,93020,9513.064605964479
219342.0,642.5838631285374,93020,9479.701135486715
219342.0,642.5838631285374,93020,9489.67998296107
219342.0,642.5838631285374,93020,9455.950811808118
219342.0,642.5838631285374,93020,9422.619472117045
219342.0,648.5018666789713,93020,9383.65386256144
219342.0,648.5018666789713,93020,9351.0570995639
219342.0,648.5018666789713,93020,9356.103884977838
219342.0,648.5018666789713,93020,9321.83838533744
219342.0,648.5018666789713,93020,9289.355165403807
219342.0,648.5018666789713,93020,9257.865763161286
219342.0,648.5018666789713,93020,9238.897241340926
219342.0,648.5018666789713,93020,9202.334977462499
219342.0,648.5018666789713,93020,9169.606919396392
219342.0,648.5018666789713,93020,9170.425660139445
219342.0,648.5018666789713,93020,9138.36718331455
219342.0,648.5018666789713,93020,9105.91644889396
219342.0,648.5018666789713,93020,9143.174826211882
219342.0,648.5018666789713,93020,9111.625210084034
219342.0,648.5018666789713,93020,9079.187938108293
219342.0,643.376564405301,93020,9006.417882737365
219342.0,643.376564405301,93020,8977.643350045326
219342.0,643.376564405301,93020,8803.987286868083
219342.0,643.376564405301,93020,8773.39509024195
219342.0,643.376564405301,93020,8643.626722192665
182785.0,643.376564405301,93020,8586.602311202709
182785.0,643.376564405301,93020,8568.983971063455
182785.0,643.376564405301,93020,8542.066312900275
182785.0,643.376564405301,93020,8548.278655908036
182785.0,643.376564405301,93020,8526.858428865373
182785.0,643.376564405301,93020,8517.742610336281
182785.0,643.376564405301,93020,8488.379201680673
182785.0,643.376564405301,93020,8457.786489215236
182785.0,644.0340740120332,93020,8429.373161730617
182785.0,644.0340740120332,93020,8399.850557936743
182785.0,644.0340740120332,93020,8370.816516969742
182785.0,644.0340740120332,93020,8385.469906078064
182785.0,644.0340740120332,93020,8358.352051835853
182785.0,644.0340740120332,93020,8329.457581609195
182785.0,644.0340740120332,93020,8301.126424566675
182785.0,644.0340740120332,93020,8302.70510362121
182785.0,644.0340740120332,93020,8273.826601274775
182785.0,644.0340740120332,93020,8246.284961291385
182785.0,644.0340740120332,93020,8133.450571993569
152321.0,644.0340740120332,93020,8116.472488567635
152321.0,644.0340740120332,93020,8092.483458339521
152321.0,644.0340740120332,93020,8065.089264575318
152321.0,644.0340740120332,93020,8036.767979215419
152321.0,639.297978950511,93020,8032.669654813272
152321.0,639.297978950511,93020,8004.981934408004
152321.0,639.297978950511,93020,7977.278781725889
152321.0,639.297978950511,93020,7950.651548734378
152321.0,639.297978950511,93020,7922.026697588126
152321.0,639.297978950511,93020,7902.920393775096
152321.0,639.297978950511,93020,7815.482472831059
152321.0,639.297978950511,93020,7737.205065374417
152321.0,639.297978950511,93020,7711.075983692745
152321.0,639.297978950511,93020,7685.863470940705
152321.0,639.297978950511,93020,7659.768503937008
152321.0,639.297978950511,93020,7633.3013465836675
152321.0,639.297978950511,93020,7606.566418253749
152321.0,639.297978950511,93020,7580.176143862736
152321.0,646.5181299036782,93020,7554.606640610732
152321.0,646.5181299036782,93020,7539.499137012963
152321.0,646.5181299036782,93020,7514.072735255379
152321.0,646.5181299036782,93020,7487.192332221797
152321.0,646.5181299036782,93020,7424.5874322462105
152321.0,646.5181299036782,93020,7398.155166733775
152321.0,646.5181299036782,93020,7372.783881848847
126934.0,646.5181299036782,93020,7302.977185681668
126934.0,646.5181299036782,93020,7281.762539228101
126934.0,646.5181299036782,93020,7283.764577475211
126934.0,646.5181299036782,93020,7258.574748442741
126934.0,646.5181299036782,93020,7234.067898061105
126934.0,646.5181299036782,93020,7247.006126226171
126934.0,646.5181299036782,93020,7221.213041314087
126934.0,646.5181299036782,93020,7196.282607897153
126934.0,640.4800336211308,93020,7181.494835054982
105778.0,640.4800336211308,93020,7155.904038355154
105778.0,640.4800336211308,93020,7131.392302746395
105778.0,640.4800336211308,93020,7071.447430771509
105778.0,640.4800336211308,93020,7047.5479659204075
105778.0,640.4800336211308,93020,7032.376648943021
105778.0,640.4800336211308,93020,7007.17882431037
105778.0,640.4800336211308,93020,6931.141456659196
105778.0,640.4800336211308,93020,6938.707763479155
105778.0,640.4800336211308,93020,6914.571112492686
105778.0,640.4800336211308,93020,6889.70861638771
105778.0,640.4800336211308,93020,6837.335660107728
105778.0,640.4800336211308,93020,6815.696826961697
88148.0,640.4800336211308,93020,6815.165431372188
88148.0,646.1984543986443,93020,6793.83738064256
88148.0,646.1984543986443,93020,6771.520680021182
88148.0,646.1984543986443,93020,6686.077548836952
88148.0,646.1984543986443,93020,6671.907946556737
88148.0,646.1984543986443,93020,6666.876411159515
88148.0,646.1984543986443,93020,6644.052075638942
88148.0,646.1984543986443,93020,6621.445950917988
88148.0,646.1984543986443,93020,6616.547934802741
88148.0,646.1984543986443,93020,6593.986493468153
88148.0,646.1984543986443,93020,6571.021027865598
88148.0,646.1984543986443,93020,6581.466958554413
88148.0,646.1984543986443,93020,6559.470861135242
73457.0,646.1984543986443,93020,6536.680739417819
73457.0,638.6027973678912,93020,6515.524179049716
73457.0,638.6027973678912,93020,6496.910230840259
73457.0,638.6027973678912,93020,6474.281659308315
73457.0,638.6027973678912,93020,6452.623187874567
73457.0,638.6027973678912,93020,6388.629061789129
73457.0,638.6027973678912,93020,6368.418001216299
73457.0,638.6027973678912,93020,6359.21927879997
73457.0,638.6027973678912,93020,6278.252237636036
73457.0,638.6027973678912,93020,6235.186903162892
73457.0,638.6027973678912,93020,6212.491535360938
61214.0,638.6027973678912,93020,6192.937946143314
61214.0,638.6027973678912,93020,6170.5231778345305
61214.0,638.6027973678912,93020,6150.440360254815
61214.0,638.6027973678912,93020,6130.004413320203
61214.0,643.0481042493136,93020,6115.406271841089
61214.0,643.0481042493136,93020,6094.850258364789
61214.0,643.0481042493136,93020,6108.5648646151
61214.0,643.0481042493136,93020,6078.307898751861
61214.0,643.0481042493136,93020,5943.314005005098
61214.0,643.0481042493136,93020,5924.439161355869
61214.0,643.0481042493136,93020,5905.611548797997
61214.0,643.0481042493136,93020,5886.795322817315
61214.0,643.0481042493136,93020,5889.403657679648
61214.0,643.0481042493136,93020,5870.9428066037735
61214.0,643.0481042493136,93020,5852.052213185481
61214.0,643.0481042493136,93020,5831.416709854149
61214.0,643.0481042493136,93020,5812.881355932203
61214.0,643.0481042493136,93020,5794.4167417072495
61214.0,636.7597490357657,93020,5770.023805554012
51012.0,636.7597490357657,93020,5751.406534379326
51012.0,636.7597490357657,93020,5733.564094546124
51012.0,636.7597490357657,93020,5714.8948718888605
51012.0,636.7597490357657,93020,5674.372387319546
51012.0,636.7597490357657,93020,5651.443015415143
51012.0,636.7597490357657,93020,5636.382370720448
51012.0,636.7597490357657,93020,5620.915071945074
51012.0,636.7597490357657,93020,5604.455284996724
51012.0,636.7597490357657,93020,5563.510050251256
51012.0,636.7597490357657,93020,5546.759590605867
51012.0,636.7597490357657,93020,5529.513431802867
51012.0,636.7597490357657,93020,5512.2743353089045
51012.0,636.7597490357657,93020,5541.3718287477595
51012.0,636.7597490357657,93020,5523.4410264906755
51012.0,642.6317072913805,93020,5505.373945418532
51012.0,642.6317072913805,93020,5494.381667098493
51012.0,642.6317072913805,93020,5477.222439420204
42510.0,642.6317072913805,93020,5458.652637960174
42510.0,642.6317072913805,93020,5457.85831360071
42510.0,642.6317072913805,93020,5440.3071294282445
42510.0,642.6317072913805,93020,5421.798685321875
42510.0,642.6317072913805,93020,5440.818053831762
42510.0,642.6317072913805,93020,5423.811248315706
42510.0,642.6317072913805,93020,5405.673525679925
42510.0,642.6317072913805,93020,5387.1675397465015
42510.0,642.6317072913805,93020,5342.167268972638
42510.0,642.6317072913805,93020,5324.993331618782
42510.0,642.6317072913805,93020,5314.3369929800765
42510.0,635.4811427841992,93020,5241.978565616216
42510.0,635.4811427841992,93020,5224.0168373738115
42510.0,635.4811427841992,93020,5228.936609646923
42510.0,635.4811427841992,93020,5213.755567897806
42510.0,635.4811427841992,93020,5171.29079693782
42510.0,635.4811427841992,93020,5114.629470332004
42510.0,635.4811427841992,93020,5098.328737895946
42510.0,635.4811427841992,93020,5081.443600690344
35425.0,635.4811427841992,93020,5062.9761481019395
35425.0,635.4811427841992,93020,5049.766756277318
35425.0,635.4811427841992,93020,5065.731895677818
35425.0,635.4811427841992,93020,5049.466781740057
35425.0,635.4811427841992,93020,5033.262170914213
35425.0,635.8744328922434,93020,4949.831858243906
35425.0,635.8744328922434,93020,4933.545536370316
35425.0,635.8744328922434,93020,4916.977659048908
35425.0,635.8744328922434,93020,4878.858049167327
35425.0,635.8744328922434,93020,4863.883618788592
35425.0,635.8744328922434,93020,4847.905111493537
35425.0,635.8744328922434,93020,4829.154077490775
35425.0,635.8744328922434,93020,4813.616826896565
29521.0,635.8744328922434,93020,4798.255874434534
29521.0,635.8744328922434,93020,4780.823135402443
29521.0,635.8744328922434,93020,4765.001102880356
29521.0,635.8744328922434,93020,4754.0715176181575
29521.0,635.8744328922434,93020,4733.983809259773
29521.0,635.8744328922434,93020,4718.653353956066
29521.0,635.8744328922434,93020,4703.559438635113
29521.0,632.5743114495014,93020,4711.809559068528
29521.0,632.5743114495014,93020,4696.755703509711
29521.0,632.5743114495014,93020,4682.055365674384
29521.0,632.5743114495014,93020,4690.409348284667
29521.0,632.5743114495014,93020,4675.796371413821
29521.0,632.5743114495014,93020,4630.045247134409
29521.0,632.5743114495014,93020,4612.201283504589
29521.0,632.5743114495014,93020,4595.406653901388
29521.0,632.5743114495014,93020,4580.768305209098
29521.0,632.5743114495014,93020,4566.328886533506
29521.0,632.5743114495014,93020,4500.748341319572
29521.0,632.5743114495014,93020,4486.608038632441
24601.0,632.5743114495014,93020,4472.145005213383
24601.0,638.1412741343929,93020,4457.695309082957
24601.0,638.1412741343929,93020,4475.787840986223
24601.0,638.1412741343929,93020,4461.838618874408
24601.0,638.1412741343929,93020,4448.166536142932
24601.0,638.1412741343929,93020,4411.400686818232
24601.0,638.1412741343929,93020,4396.557309577815
24601.0,638.1412741343929,93020,4382.521814404432
24601.0,638.1412741343929,93020,4359.562547077952
24601.0,638.1412741343929,93020,4345.373137879287
24601.0,638.1412741343929,93020,4331.240282943192
24601.0,638.1412741343929,93020,4344.374871247793
24601.0,638.1412741343929,93020,4332.8816476929
24601.0,638.1412741343929,93020,4354.336849884527
24601.0,638.1412741343929,93020,4340.788808099402
24601.0,632.261238512072,93020,4341.337707835178
24601.0,632.261238512072,93020,4328.142514129511
24601.0,632.261238512072,93020,4315.381409902448
24601.0,632.261238512072,93020,4299.485765157557
24601.0,632.261238512072,93020,4286.602376684101
24601.0,632.261238512072,93020,4277.298051576988
24601.0,632.261238512072,93020,4253.210064322234
24601.0,632.261238512072,93020,4235.098958904109
24601.0,632.261238512072,93020,4237.062303057107
24601.0,632.261238512072,93020,4223.366907135121
24601.0,632.261238512072,93020,4210.180544633223
24601.0,632.261238512072,93020,4202.635738894928
24601.0,632.261238512072,93020,4189.198924435145
24601.0,632.261238512072,93020,4176.051440065831
24601.0,636.030245780488,93020,4197.379773913364
24601.0,636.030245780488,93020,4183.760356388353
20501.0,636.030245780488,93020,4170.573700585652
20501.0,636.030245780488,93020,4125.493263293705
20501.0,636.030245780488,93020,4111.957645633296
20501.0,636.030245780488,93020,4099.1087393912785
20501.0,636.030245780488,93020,4085.3105175900455
20501.0,636.030245780488,93020,4103.36620184093
20501.0,636.030245780488,93020,4090.7083104521325
20501.0,636.030245780488,93020,4079.1328675155983
20501.0,636.030245780488,93020,4007.3429617500415
20501.0,636.030245780488,93020,3988.66782115869
20501.0,636.030245780488,93020,3976.2816074987086
20501.0,636.030245780488,93020,3964.013034046621
20501.0,630.2550341976413,93020,3986.755948410051
20501.0,630.2550341976413,93020,3974.484971567831
20501.0,630.2550341976413,93020,3961.5504570283047
20501.0,630.2550341976413,93020,3948.954414701625
20501.0,630.2550341976413,93020,3906.371334662826
20501.0,630.2550341976413,93020,3896.9477987073965
20501.0,630.2550341976413,93020,3877.805008518512
20501.0,630.2550341976413,93020,3808.9074847775178
17084.0,630.2550341976413,93020,4797.176804378467
17084.0,630.2550341976413,93020,4746.418400472186
17084.0,630.2550341976413,93020,4732.352474082788
35425.0,630.2550341976413,93020,4718.500302258697
35425.0,632.8092126380152,93020,4720.241208720211
35425.0,632.8092126380152,93020,4704.3704834231285
35425.0,632.8092126380152,93020,4689.604275821639
35425.0,632.8092126380152,93020,4666.576565589371
35425.0,632.8092126380152,93020,4649.755469684424
35425.0,632.8092126380152,93020,4634.90428964253
29521.0,632.8092126380152,93020,4653.682354245998
29521.0,632.8092126380152,93020,4638.206098998232
29521.0,632.8092126380152,93020,4629.096128759623
29521.0,632.8092126380152,93020,4607.704890731112
29521.0,632.8092126380152,93020,4593.311497474096
29521.0,632.8092126380152,93020,4603.949248294958
29521.0,632.8092126380152,93020,4589.041598015439
29521.0,632.8092126380152,93020,4573.762950668511
29521.0,626.0282423967165,93020,4544.6744112562965
29521.0,626.0282423967165,93020,4530.153571230162
29521.0,626.0282423967165,93020,4515.8058891902365
29521.0,626.0282423967165,93020,4491.1687307077245
29521.0,626.0282423967165,93020,4476.013039210239
29521.0,626.0282423967165,93020,4457.263591857769
29521.0,626.0282423967165,93020,4449.447713629289
29521.0,626.0282423967165,93020,4410.758973982337
29521.0,626.0282423967165,93020,4426.726192459326
29521.0,626.0282423967165,93020,4412.491508859919
29521.0,626.0282423967165,93020,4398.226665686941
29521.0,626.0282423967165,93020,4401.647689998332
29521.0,626.0282423967165,93020,4388.0543953913475
29521.0,626.0282423967165,93020,4374.073360067694
29521.0,629.2242076741818,93020,4363.537683414851
29521.0,629.2242076741818,93020,4349.160318163364
24601.0,629.2242076741818,93020,4335.214248942821
24601.0,629.2242076741818,93020,4341.408212829069
24601.0,629.2242076741818,93020,4327.166783630051
24601.0,629.2242076741818,93020,4313.51982630136
24601.0,629.2242076741818,93020,4316.173807494162
24601.0,629.2242076741818,93020,4302.6860113002695
24601.0,629.2242076741818,93020,4288.027274064811
24601.0,629.2242076741818,93020,4273.95159753774
24601.0,629.2242076741818,93020,4228.8926480636765
24601.0,629.2242076741818,93020,4233.581460308002
24601.0,629.2242076741818,93020,4219.9787593217825
24601.0,629.2242076741818,93020,4206.079589762543
24601.0,624.6807948863677,93020,4183.887374047792
24601.0,624.6807948863677,93020,4170.6862730545145
24601.0,624.6807948863677,93020,4157.096926233296
24601.0,624.6807948863677,93020,4155.963865968821
24601.0,624.6807948863677,93020,4142.131948051948
24601.0,624.6807948863677,93020,4130.440371384183
24601.0,624.6807948863677,93020,4101.973428698488
24601.0,624.6807948863677,93020,4059.7143118929816
24601.0,624.6807948863677,93020,4001.545456225969
24601.0,624.6807948863677,93020,3989.455113092168
24601.0,624.6807948863677,93020,3976.544402040292
24601.0,624.6807948863677,93020,3969.136614850003
24601.0,624.6807948863677,93020,3956.792586591047
24601.0,624.6807948863677,93020,3944.8069718374463
20501.0,632.3340799624441,93020,3923.2356061586233
20501.0,632.3340799624441,93020,3910.398516446097
20501.0,632.3340799624441,93020,3898.4773877640846
20501.0,632.3340799624441,93020,3899.2689669199904
20501.0,632.3340799624441,93020,3887.477403784152
20501.0,632.3340799624441,93020,3875.663576791057
20501.0,632.3340799624441,93020,3834.4112645335404
20501.0,632.3340799624441,93020,3822.1762572044117
20501.0,632.3340799624441,93020,3810.5451042985305
20501.0,632.3340799624441,93020,3824.7305388114346
20501.0,632.3340799624441,93020,3812.410141644103
20501.0,632.3340799624441,93020,3797.1865821467077
20501.0,632.3340799624441,93020,3785.332604911293
20501.0,632.3340799624441,93020,3773.273570809275
20501.0,626.022859393351,93020,3754.2640130881778
20501.0,626.022859393351,93020,3742.767888565766
20501.0,626.022859393351,93020,3731.311481460975
20501.0,626.022859393351,93020,3701.7811064621105
20501.0,626.022859393351,93020,3690.21298749421
20501.0,626.022859393351,93020,3669.210706527742
20501.0,626.022859393351,93020,3662.2813521751177
20501.0,626.022859393351,93020,4244.472549019608
17084.0,626.022859393351,93020,4230.804020563469
17084.0,626.022859393351,93020,4217.831491205523
35425.0,626.022859393351,93020,4227.407554083314
35425.0,626.022859393351,93020,4214.242453856508
35425.0,626.022859393351,93020,4200.8915135929465
35425.0,629.8429086378928,93020,4209.981190410072
35425.0,629.8429086378928,93020,4194.712761251797
35425.0,629.8429086378928,93020,4180.45548460494
35425.0,629.8429086378928,93020,4175.164900012949
35425.0,629.8429086378928,93020,4161.747032081133
29521.0,629.8429086378928,93020,4158.727439669085
29521.0,629.8429086378928,93020,4146.153529118229
29521.0,629.8429086378928,93020,4133.624488969099
29521.0,629.8429086378928,93020,4126.076286440646
29521.0,629.8429086378928,93020,4113.394482860629
29521.0,629.8429086378928,93020,4107.682325796031
29521.0,629.8429086378928,93020,4114.082746806688
29521.0,629.8429086378928,93020,4101.083109173546
29521.0,629.8429086378928,93020,4107.535760339382
29521.0,622.9313152766061,93020,4095.0762857036457
29521.0,622.9313152766061,93020,4082.7756544648323
29521.0,622.9313152766061,93020,4071.013881094025
29521.0,622.9313152766061,93020,4058.649815456884
29521.0,622.9313152766061,93020,4025.420488562031
29521.0,622.9313152766061,93020,3958.652155427388
29521.0,622.9313152766061,93020,3944.7736578540394
29521.0,622.9313152766061,93020,3943.4446321495534
29521.0,622.9313152766061,93020,3930.9278937732324
29521.0,622.9313152766061,93020,3919.125845263759
29521.0,622.9313152766061,93020,3888.13969851112
29521.0,622.9313152766061,93020,3876.208549126961
29521.0,622.9313152766061,93020,3864.146566179587
29521.0,625.3514656820655,93020,3872.0508871342313
24601.0,625.3514656820655,93020,3859.9971866439623
24601.0,625.3514656820655,93020,3847.923895404588
24601.0,625.3514656820655,93020,3845.606174307155
24601.0,625.3514656820655,93020,3833.7340661781036
24601.0,625.3514656820655,93020,3821.94628929658
24601.0,625.3514656820655,93020,3760.878550185874
24601.0,625.3514656820655,93020,3748.935819568921
24601.0,625.3514656820655,93020,3737.4108770246835
24601.0,625.3514656820655,93020,3679.286774139566
24601.0,625.3514656820655,93020,3667.8239543585373
24601.0,625.3514656820655,93020,3657.1577082102776
24601.0,625.3514656820655,93020,3636.207761749651
24601.0,625.3514656820655,93020,3624.596217669417
24601.0,625.3514656820655,93020,3632.7086408220457
24601.0,623.3564566375996,93020,3621.3787038415726
24601.0,623.3564566375996,93020,3610.2916666666665
24601.0,623.3564566375996,93020,3607.1564677964834
24601.0,623.3564566375996,93020,3595.976508255617
24601.0,623.3564566375996,93020,3578.6660618404
24601.0,623.3564566375996,93020,3535.1392484419366
24601.0,623.3564566375996,93020,3525.2086732818816
24601.0,623.3564566375996,93020,3519.214391813831
24601.0,623.3564566375996,93020,3451.792688783804
24601.0,623.3564566375996,93020,3441.6426901768787
24601.0,623.3564566375996,93020,3446.665918367347
24601.0,623.3564566375996,93020,3435.7215435509806
24601.0,623.3564566375996,93020,3425.1141326361526
24601.0,626.8939750460133,93020,3421.9457844738013
24601.0,626.8939750460133,93020,3411.781750286538
24601.0,626.8939750460133,93020,3401.428889789303
24601.0,626.8939750460133,93020,3372.4640397928692
24601.0,626.8939750460133,93020,3362.439710804164
24601.0,626.8939750460133,93020,3352.5839674263502
24601.0,626.8939750460133,93020,3357.755578677468
24601.0,626.8939750460133,93020,3347.5068300447933
20501.0,626.8939750460133,93020,3337.1358004204003
20501.0,626.8939750460133,93020,3326.644642824342
20501.0,626.8939750460133,93020,3295.6000777374693
20501.0,626.8939750460133,93020,3286.050587389115
20501.0,626.8939750460133,93020,3276.344657785944
20501.0,626.8939750460133,93020,3295.915285690426
20501.0,626.8939750460133,93020,3301.559788914256
20501.0,626.8939750460133,93020,3291.3440896295883
20501.0,628.4375995723902,93020,3281.65820268965
20501.0,628.4375995723902,93020,3272.147835581959
20501.0,628.4375995723902,93020,3256.831512009548
20501.0,628.4375995723902,93020,3248.1102024125944
20501.0,628.4375995723902,93020,3225.23302704992
20501.0,628.4375995723902,93020,3201.5598034162863
20501.0,628.4375995723902,93020,3191.6194282990155
20501.0,628.4375995723902,93020,3182.213832916202
20501.0,628.4375995723902,93020,3187.474394622963
20501.0,628.4375995723902,93020,3146.0334533175005
20501.0,628.4375995723902,93020,3136.9597929568354
20501.0,628.4375995723902,93020,3128.2287572068008
20501.0,626.4996681105997,93020,3125.7818701616948
20501.0,626.4996681105997,93020,3116.5074809047364
20501.0,626.4996681105997,93020,3107.3926630184437
20501.0,626.4996681105997,93020,3110.0063316993464
20501.0,626.4996681105997,93020,3100.617955499658
20501.0,626.4996681105997,93020,3091.62785640572
17084.0,626.4996681105997,93020,3093.6431622344376
17084.0,626.4996681105997,93020,3084.267121767122
17084.0,626.4996681105997,93020,3075.242263385863
17084.0,626.4996681105997,93020,3066.356555269923
17084.0,626.4996681105997,93020,3073.613480691621
17084.0,626.4996681105997,93020,3064.576774812328
17084.0,626.4996681105997,93020,3055.8828264265367
17084.0,626.4996681105997,93020,3049.3405653566338
17084.0,626.4996681105997,93020,3040.467751157343
17084.0,626.4996681105997,93020,3031.27623142075
14237.0,627.563103932441,93020,3039.160419984445
14237.0,627.563103932441,93020,3000.1143219832734
14237.0,627.563103932441,93020,2991.4481828664957
14237.0,627.563103932441,93020,2976.153361072584
14237.0,627.563103932441,93020,2986.045324934305
14237.0,627.563103932441,93020,2964.457789157625
14237.0,627.563103932441,93020,2955.619318494596
14237.0,627.563103932441,93020,2904.4835797147034
14237.0,627.563103932441,93020,2896.432379126652
14237.0,627.563103932441,93020,2887.719209112085
11864.0,627.563103932441,93020,2899.316882540973
11864.0,627.563103932441,93020,2891.655084792576
11864.0,627.563103932441,93020,2898.143231295044
11864.0,629.0532278670152,93020,2890.089272165368
11864.0,629.0532278670152,93020,2860.652724660933
11864.0,629.0532278670152,93020,2852.3199152542375
11864.0,629.0532278670152,93020,2843.938315715423
11864.0,629.0532278670152,93020,2847.774783014466
11864.0,629.0532278670152,93020,2839.8439650362657
9887.0,629.0532278670152,93020,2831.7152995238007
11864.0,629.0532278670152,93020,2836.229877547973
9887.0,629.0532278670152,93020,2827.9773145651648
9887.0,629.0532278670152,93020,2820.0392923304926
9887.0,629.0532278670152,93020,2821.511168802062
9887.0,629.0532278670152,93020,2813.3747581125335
9887.0,629.0532278670152,93020,2804.9460446322655
9887.0,621.3572446890909,93020,2796.928024078143
9887.0,621.3572446890909,93020,2797.872301220965
9887.0,621.3572446890909,93020,2789.5351885498167
9887.0,621.3572446890909,93020,2781.703516938195
9887.0,621.3572446890909,93020,2783.472690053038
9887.0,621.3572446890909,93020,2771.786438006605
9887.0,621.3572446890909,93020,2755.602278660401
9887.0,621.3572446890909,93020,2725.4490310934275
9887.0,621.3572446890909,93020,2714.1233774674565
9887.0,621.3572446890909,93020,2715.822781525688
9887.0,621.3572446890909,93020,3558.878653692299
9887.0,621.3572446890909,93020,3549.164867972111
9887.0,621.3572446890909,93020,3538.5926500748296
24601.0,624.9266823225345,93020,3535.3648636067405
24601.0,624.9266823225345,93020,3525.0287776458363
24601.0,624.9266823225345,93020,3514.8715659086706
24601.0,624.9266823225345,93020,3513.7886072641754
20501.0,624.9266823225345,93020,3504.954967355518
20501.0,624.9266823225345,93020,3510.945559867274
20501.0,624.9266823225345,93020,3499.8703665664507
20501.0,624.9266823225345,93020,3489.291218604651
20501.0,624.9266823225345,93020,3481.4590394421116
20501.0,624.9266823225345,93020,3471.197388819365
20501.0,624.9266823225345,93020,3460.6991272307723
20501.0,624.9266823225345,93020,3468.9095767622407
20501.0,624.9266823225345,93020,3457.495433064983
20501.0,624.9266823225345,93020,3447.1498167066748
20501.0,616.1694123237281,93020,3440.097165688132
20501.0,616.1694123237281,93020,3429.8048064883856
20501.0,616.1694123237281,93020,3419.1990988978255
20501.0,616.1694123237281,93020,3392.733545906405
20501.0,616.1694123237281,93020,3381.9757305134144
20501.0,616.1694123237281,93020,3377.225154816086
20501.0,616.1694123237281,93020,3387.7610189750485
20501.0,616.1694123237281,93020,3349.029072663211
20501.0,616.1694123237281,93020,3309.745598542453
24601.0,616.1694123237281,93020,3300.373640826155
20501.0,616.1694123237281,93020,3291.2385136507114
20501.0,616.1694123237281,93020,3269.542252079573
20501.0,616.1694123237281,93020,3259.1840729618507
20501.0,616.1694123237281,93020,3249.969911340968
20501.0,623.0000649699452,93020,3228.431601094829
20501.0,623.0000649699452,93020,3218.5659383462553
20501.0,623.0000649699452,93020,3209.328128464779
20501.0,623.0000649699452,93020,3159.2345042091933
20501.0,623.0000649699452,93020,3149.673963860339
20501.0,623.0000649699452,93020,3142.525317743696
20501.0,623.0000649699452,93020,3054.1889860694105
20501.0,623.0000649699452,93020,3045.3114583526876
20501.0,623.0000649699452,93020,3045.434719907104
20501.0,623.0000649699452,93020,3036.2583305347216
20501.0,623.0000649699452,93020,3027.2787360594793
20501.0,623.0000649699452,93020,3023.743771775372
20501.0,623.0000649699452,93020,3014.667587236425
17084.0,623.0000649699452,93020,3005.530513988289
17084.0,617.3392043309914,93020,2996.4839724975177
17084.0,617.3392043309914,93020,2987.7935198491946
17084.0,617.3392043309914,93020,2979.087651772931
17084.0,617.3392043309914,93020,2984.7525527888633
17084.0,617.3392043309914,93020,2976.0536297623717
17084.0,617.3392043309914,93020,2969.9483641509787
17084.0,617.3392043309914,93020,2943.4256658324307
14237.0,617.3392043309914,93020,2906.513530939705
14237.0,617.3392043309914,93020,2916.8468378162647
14237.0,617.3392043309914,93020,2908.505686546463
11864.0,617.3392043309914,93020,2900.334119467885
14237.0,617.3392043309914,93020,2901.276540412015
11864.0,617.3392043309914,93020,2892.703708501425
11864.0,617.3392043309914,93020,2884.091304588272
11864.0,624.667996904249,93020,2873.809738871852
11864.0,624.667996904249,93020,2865.3170388475355
11864.0,624.667996904249,93020,2857.0626314430137
11864.0,624.667996904249,93020,2840.2261340177424
11864.0,624.667996904249,93020,2831.9777296055436
11864.0,624.667996904249,93020,2823.9503073486794
11864.0,624.667996904249,93020,2815.573758734829
9887.0,624.667996904249,93020,2810.554513785947
9887.0,624.667996904249,93020,2802.2641352703376
9887.0,624.667996904249,93020,2804.7722482871613
9887.0,624.667996904249,93020,2797.6683427341545
9887.0,624.667996904249,93020,2801.8080726878425
9887.0,624.667996904249,93020,2793.929609209105
9887.0,624.667996904249,93020,2785.960975338195
9887.0,618.8737757911293,93020,2786.5389881230712
9887.0,618.8737757911293,93020,2778.6078456951172
9887.0,618.8737757911293,93020,2770.469913295334
9887.0,618.8737757911293,93020,2755.6161085126287
9887.0,618.8737757911293,93020,2747.881360671016
9887.0,618.8737757911293,93020,2743.2501999442015
9887.0,618.8737757911293,93020,2716.5299401748734
9887.0,618.8737757911293,93020,2694.9048794415075
9887.0,618.8737757911293,93020,2685.67753024025
9887.0,618.8737757911293,93020,2678.3484570815053
8239.0,618.8737757911293,93020,2671.1097297795814
8239.0,618.8737757911293,93020,2678.057183742497
8239.0,618.8737757911293,93020,2670.4933997371004
8239.0,618.8737757911293,93020,2663.031079386159
8239.0,624.8645459073642,93020,2665.392966673482
8239.0,624.8645459073642,93020,2657.4850324897716
8239.0,624.8645459073642,93020,2650.0242903779117
8239.0,624.8645459073642,93020,2635.5129792852094
8239.0,624.8645459073642,93020,2628.384327598022
8239.0,624.8645459073642,93020,2621.311110290997
8239.0,624.8645459073642,93020,2620.2718396042183
8239.0,624.8645459073642,93020,2612.7079936258524
8239.0,624.8645459073642,93020,2605.633320408427
8239.0,624.8645459073642,93020,2598.2209672375416
8239.0,624.8645459073642,93020,2596.6982961603353
8239.0,624.8645459073642,93020,2589.3697587646384
8239.0,624.8645459073642,93020,2584.95306020899
8239.0,624.8645459073642,93020,2585.9433983307617
6866.0,624.8645459073642,93020,2990.4231495856793
6866.0,624.8645459073642,93020,2981.8933037627894
6866.0,623.4681579161079,93020,2972.870373849333
20501.0,623.4681579161079,93020,2964.272531586336
20501.0,623.4681579161079,93020,2958.2843993876254
20501.0,623.4681579161079,93020,2922.1985681157284
20501.0,623.4681579161079,93020,2901.9952198146984
20501.0,623.4681579161079,93020,2893.873076003604
20501.0,623.4681579161079,93020,2885.843334860284
20501.0,623.4681579161079,93020,2879.0356324811587
20501.0,623.4681579161079,93020,2855.9233261942454
20501.0,623.4681579161079,93020,2847.978640884798
20501.0,623.4681579161079,93020,2840.032873571719
20501.0,622.423285700209,93020,2840.439208961622
20501.0,622.423285700209,93020,2831.9132598121123
20501.0,622.423285700209,93020,2824.8417742591837
20501.0,622.423285700209,93020,2824.226956570384
20501.0,622.423285700209,93020,2816.705676855895
17084.0,622.423285700209,93020,2808.633245089509
17084.0,622.423285700209,93020,2791.1193297382024
17084.0,622.423285700209,93020,2783.4865663871483
17084.0,622.423285700209,93020,2775.43444839594
17084.0,622.423285700209,93020,2768.8816698405585
17084.0,622.423285700209,93020,2761.091925373412
17084.0,622.423285700209,93020,2755.8883116883117
17084.0,622.423285700209,93020,2763.1176690744414
14237.0,622.423285700209,93020,2763.584324742171
14237.0,622.423285700209,93020,2755.774674080475
14237.0,617.6080976391033,93020,2747.75267609851
14237.0,617.6080976391033,93020,2741.2811256342065
14237.0,617.6080976391033,93020,2733.5016254204484
14237.0,617.6080976391033,93020,2728.4430823445614
14237.0,617.6080976391033,93020,2681.4083982957823
14237.0,617.6080976391033,93020,2673.273490181549
11864.0,617.6080976391033,93020,2667.7415987733007
11864.0,617.6080976391033,93020,2665.9991431817757
11864.0,617.6080976391033,93020,2670.3586485218207
9887.0,617.6080976391033,93020,2663.0443214332468
9887.0,617.6080976391033,93020,2655.393185163105
9887.0,616.0243295972894,93020,2641.897418082809
9887.0,616.0243295972894,93020,2634.3732954226602
9887.0,616.0243295972894,93020,2626.9858543312957
9887.0,616.0243295972894,93020,2634.851831673868
9887.0,616.0243295972894,93020,2627.098252049257
9887.0,616.0243295972894,93020,2619.95219004643
9887.0,616.0243295972894,93020,2585.520167656567
9887.0,616.0243295972894,93020,2578.2364099395163
9887.0,616.0243295972894,93020,2571.334539958577
9887.0,616.0243295972894,93020,2566.2999699146326
9887.0,616.0243295972894,93020,2559.8357632772386
9887.0,616.0243295972894,93020,2545.0774447025933
9887.0,616.0243295972894,93020,2539.2022211764706
9887.0,616.0243295972894,93020,2538.7344686338465
8239.0,609.4180529584784,93020,2531.392734348434
8239.0,609.4180529584784,93020,2524.5565176470586
8239.0,609.4180529584784,93020,2531.5377931243834
8239.0,609.4180529584784,93020,2524.50204143354
8239.0,609.4180529584784,93020,2509.1935393047524
8239.0,609.4180529584784,93020,2450.050639558873
8239.0,609.4180529584784,93020,2441.1974384346818
8239.0,609.4180529584784,93020,2435.134758502642
8239.0,609.4180529584784,93020,2428.975379595469
8239.0,609.4180529584784,93020,2374.485114597725
8239.0,609.4180529584784,93020,2368.4931638599205
8239.0,609.4180529584784,93020,2362.029102865195
8239.0,610.1681920260999,93020,2352.952549695856
8239.0,610.1681920260999,93020,2346.584309951122
6866.0,610.1681920260999,93020,2340.33407911559
6866.0,610.1681920260999,93020,2342.2069625530626
6866.0,610.1681920260999,93020,2335.8735037571273
6866.0,610.1681920260999,93020,2329.7151294011437
6866.0,610.1681920260999,93020,2319.624701376512
6866.0,610.1681920260999,93020,2313.589986774986
6866.0,610.1681920260999,93020,2307.2352022283703
6866.0,610.1681920260999,93020,2307.9262996187913
6866.0,610.1681920260999,93020,2301.9415932882357
6866.0,610.1681920260999,93020,2295.624715294118
6866.0,610.1681920260999,93020,2302.9264996640754
6866.0,610.1681920260999,93020,2296.5114535928715
6866.0,610.1681920260999,93020,2290.532708500019
6866.0,607.500218699892,93020,2284.117836812144
6866.0,607.500218699892,93020,2285.408990095981
6866.0,607.500218699892,93020,2280.5604445884887
6866.0,607.500218699892,93020,2248.7373894760553
5722.0,607.500218699892,93020,2239.670190713101
5722.0,607.500218699892,93020,2234.07548728734
5722.0,607.500218699892,93020,2228.3154498007743
5722.0,607.500218699892,93020,2219.020836869001
5722.0,607.500218699892,93020,2228.6901872003655
5722.0,607.500218699892,93020,2223.1645024927493
5722.0,607.500218699892,93020,2217.408023723627
5722.0,605.2374581476239,93020,2219.328586658544
5722.0,605.2374581476239,93020,2213.4796882111973
5722.0,605.2374581476239,93020,2207.314349936722
5722.0,605.2374581476239,93020,2204.683170202232
5722.0,605.2374581476239,93020,2198.8201927454847
5722.0,605.2374581476239,93020,2193.3493506739005
5722.0,605.2374581476239,93020,2159.341442042099
5722.0,605.2374581476239,93020,2154.0271798959875
5722.0,605.2374581476239,93020,2148.388090465565
5722.0,605.2374581476239,93020,2159.756390461486
5722.0,605.2374581476239,93020,2154.453559489439
4768.0,605.2374581476239,93020,2148.5455319470984
5722.0,605.2374581476239,93020,2130.843108448447
4768.0,605.2374581476239,93020,2129.9403257754957
4768.0,605.2374581476239,93020,2124.826597681326
4768.0,603.6513425691644,93020,2119.9833311057223
4768.0,603.6513425691644,93020,2109.298290861498
4768.0,603.6513425691644,93020,2103.6297936800124
4768.0,603.6513425691644,93020,2099.5372229552713
4768.0,603.6513425691644,93020,2069.678824282594
4768.0,603.6513425691644,93020,2055.2713229594056
4768.0,603.6513425691644,93020,2051.732347894945
4768.0,603.6513425691644,93020,2047.4182956168709
3973.0,603.6513425691644,93020,2067.0782498706376
3973.0,603.6513425691644,93020,2061.9559663159503
3973.0,603.6513425691644,93020,2057.07113910082
3973.0,601.3285254682428,93020,2052.0823364361954
3973.0,601.3285254682428,93020,2045.8553252459642
3973.0,601.3285254682428,93020,2040.6651441621468
3973.0,601.3285254682428,93020,2036.1976404537006
3973.0,601.3285254682428,93020,1985.5895881925592
3973.0,601.3285254682428,93020,1980.8882899699058
3973.0,601.3285254682428,93020,1976.3494970582653
3973.0,601.3285254682428,93020,1979.4927597222488
3973.0,601.3285254682428,93020,1974.5028108623153
3973.0,601.3285254682428,93020,1969.9682657247038
3973.0,601.3285254682428,93020,1944.63300591648
3973.0,601.3285254682428,93020,1939.9816083182295
3973.0,601.3285254682428,93020,1937.259028690007
3973.0,601.3285254682428,93020,1932.1481858322136
3973.0,601.3285254682428,93020,1934.9777979946575
3973.0,601.3285254682428,93020,1931.061877941517
3973.0,597.7842122658105,93020,1926.6378644321874
3311.0,597.7842122658105,93020,1895.121462743807
3311.0,597.7842122658105,93020,1890.4559155554698
3311.0,597.7842122658105,93020,1884.2969431475397
3311.0,597.7842122658105,93020,1878.1092356566005
3311.0,597.7842122658105,93020,1871.8571782461222
3311.0,597.7842122658105,93020,1867.6436233837742
3311.0,597.7842122658105,93020,1863.2191425760557
3973.0,597.7842122658105,93020,1862.5195177407952
3973.0,597.7842122658105,93020,1863.7858023502215
3973.0,597.7842122658105,93020,1858.7811546067157
3973.0,597.7842122658105,93020,1854.5429970729467
3973.0,596.2983006954447,93020,1852.4861153964825
3973.0,596.2983006954447,93020,1848.0805394916329
3973.0,596.2983006954447,93020,1843.618582749512
3973.0,596.2983006954447,93020,1845.9108490474996
3973.0,596.2983006954447,93020,1841.495211722626
3973.0,596.2983006954447,93020,1837.1686400735716
3973.0,596.2983006954447,93020,1834.2812415498126
3973.0,596.2983006954447,93020,1829.8143209021282
3311.0,596.2983006954447,93020,1825.5028763183125
3311.0,596.2983006954447,93020,1821.2044629551795
3311.0,596.2983006954447,93020,1817.9943013361058
3311.0,596.2983006954447,93020,1813.6947556203484
3311.0,596.2983006954447,93020,1821.045827527481
3311.0,596.2983006954447,93020,1816.52824150827
3311.0,596.2983006954447,93020,1796.6372834615086
3311.0,592.9962708885263,93020,1792.0747103089393
3311.0,592.9962708885263,93020,1787.2628070513438
3311.0,592.9962708885263,93020,1795.5407398781103
3311.0,592.9962708885263,93020,1791.769215887326
3311.0,592.9962708885263,93020,1773.971475579193
3311.0,592.9962708885263,93020,1763.412421480006
3311.0,592.9962708885263,93020,1759.1442199454334
3311.0,592.9962708885263,93020,1754.74149892608
3311.0,592.9962708885263,93020,1746.6424685871898
3311.0,592.9962708885263,93020,1752.6774985501643
3311.0,592.9962708885263,93020,1748.6566574856988
3311.0,592.9962708885263,93020,1745.4133159319042
3311.0,594.8835208665649,93020,1735.8304353712551
3311.0,594.8835208665649,93020,1731.4060874590637
3311.0,594.8835208665649,93020,1727.3645243623941
3311.0,594.8835208665649,93020,1699.8256630491555
3311.0,594.8835208665649,93020,1695.7325933206143
3311.0,594.8835208665649,93020,1691.9273865294524
2759.0,594.8835208665649,93020,1700.6483244330934
2759.0,594.8835208665649,93020,1696.8795828674968
2759.0,594.8835208665649,93020,1692.9091659785302
2759.0,594.8835208665649,93020,1672.52857612882
2759.0,594.8835208665649,93020,1668.68217577417
2759.0,594.8835208665649,93020,1665.0570989433238
2759.0,594.8835208665649,93020,1667.8133955541787
2759.0,594.8835208665649,93020,1655.4870518900143
2759.0,594.8835208665649,93020,1651.6183931730266
2759.0,593.45363348719,93020,1647.4988674423557
2759.0,593.45363348719,93020,1645.8730784237223
2759.0,593.45363348719,93020,1641.8850047607018
2759.0,593.45363348719,93020,1632.8986843628227
2759.0,593.45363348719,93020,1555.9642753074188
2759.0,593.45363348719,93020,1551.0421066883293
2759.0,593.45363348719,93020,1546.2768030813675
2759.0,593.45363348719,93020,1543.036234526437
2759.0,593.45363348719,93020,1542.4252857999497
2759.0,593.45363348719,93020,1539.0066860633153
2759.0,593.45363348719,93020,1535.6569015166058
2759.0,593.45363348719,93020,1534.5832801284655
2759.0,593.45363348719,93020,1531.3196414803392
2759.0,593.45363348719,93020,1528.3613234521795
2759.0,593.7371852976607,93020,1522.643270040954
2759.0,593.7371852976607,93020,1519.234322852626
2759.0,593.7371852976607,93020,1515.9393202939689
2759.0,593.7371852976607,93020,1512.5171979703296
2759.0,593.7371852976607,93020,1500.9127507610647
2759.0,593.7371852976607,93020,1497.8045016327164
2759.0,593.7371852976607,93020,1494.7063129357089
2759.0,593.7371852976607,93020,1500.874463351807
2299.0,593.7371852976607,93020,1497.765073007602
2299.0,593.7371852976607,93020,1494.6687907958706
2299.0,593.7371852976607,93020,1487.2932451158342
2299.0,593.7371852976607,93020,1484.1033926314767
2299.0,593.7371852976607,93020,1481.1528418116307
2299.0,587.0899029811159,93020,1486.0809660477557
2299.0,587.0899029811159,93020,1482.9805088702149
2299.0,587.0899029811159,93020,1480.0474630799642
2299.0,587.0899029811159,93020,1478.6255449764415
2299.0,587.0899029811159,93020,1476.8415429799145
2299.0,587.0899029811159,93020,1462.9696638852063
2299.0,587.0899029811159,93020,1454.959261481295
2299.0,587.0899029811159,93020,1456.5468853610016
2299.0,587.0899029811159,93020,1454.2532771444662
2299.0,587.0899029811159,93020,1451.3565526982836
2299.0,587.0899029811159,93020,1448.8262039908714
2299.0,587.0899029811159,93020,1445.8869391165783
2299.0,587.0899029811159,93020,1436.9302120660284
2299.0,587.4345193112651,93020,1433.9749824506669
2299.0,587.4345193112651,93020,1431.3664827907699
2299.0,587.4345193112651,93020,1439.0890781265473
2299.0,587.4345193112651,93020,1436.0816809707014
2299.0,587.4345193112651,93020,1433.2250127736509
2299.0,587.4345193112651,93020,1430.3883734586025
2299.0,587.4345193112651,93020,1427.5804854962435
2299.0,587.4345193112651,93020,1424.645938089252
2299.0,587.4345193112651,93020,1421.4464373031863
2299.0,587.4345193112651,93020,1419.4769197414064
2299.0,587.4345193112651,93020,1416.323871778262
2299.0,587.4345193112651,93020,1413.7135481852315
2299.0,578.8605205477897,93020,1419.4921982741637
2299.0,578.8605205477897,93020,1416.4994799128608
2299.0,578.8605205477897,93020,1413.553320037541
2299.0,578.8605205477897,93020,1409.6645187987704
2299.0,578.8605205477897,93020,1406.7210466394472
2299.0,578.8605205477897,93020,1388.2368909421148
2299.0,578.8605205477897,93020,1377.04521349727
2299.0,578.8605205477897,93020,1374.3444313955765
2299.0,578.8605205477897,93020,1372.056607822101
2299.0,578.8605205477897,93020,1364.6630849015833
2299.0,578.8605205477897,93020,1362.2047669367148
2299.0,578.8605205477897,93020,1359.888459813157
2299.0,584.3406347483927,93020,1365.2230282299283
2299.0,584.3406347483927,93020,1362.7401676590412
2299.0,584.3406347483927,93020,1360.2334393475248
2299.0,584.3406347483927,93020,1357.986469673406
2299.0,584.3406347483927,93020,1352.9576306046895
2299.0,584.3406347483927,93020,1350.1820647402003
2299.0,584.3406347483927,93020,1347.921473299366
2299.0,584.3406347483927,93020,1359.1515289731487
2299.0,584.3406347483927,93020,1356.7402797534376
2299.0,584.3406347483927,93020,1355.211343553815
2299.0,584.3406347483927,93020,1350.757552315779
2299.0,584.3406347483927,93020,1347.9645143444243
2299.0,584.3406347483927,93020,1365.1558503455396
2299.0,576.2538760923231,93020,1362.4045343937325
2299.0,576.2538760923231,93020,1359.280647830713
2299.0,576.2538760923231,93020,1356.8158834844737
2299.0,576.2538760923231,93020,1358.4723815930045
2299.0,576.2538760923231,93020,1355.919783881845
2299.0,576.2538760923231,93020,1337.3729695111301
2299.0,576.2538760923231,93020,1337.3177880761034
2299.0,576.2538760923231,93020,1326.9946172956347
2299.0,576.2538760923231,93020,1324.2658118483319
2299.0,576.2538760923231,93020,1329.8736942070275
2299.0,576.2538760923231,93020,1327.1244532019705
2299.0,576.2538760923231,93020,1324.2630442887698
2299.0,579.207925056539,93020,1320.873079584775
2299.0,579.207925056539,93020,1318.2275700382206
2299.0,579.207925056539,93020,1315.6714563335493
2299.0,579.207925056539,93020,1320.9065659063483
2299.0,579.207925056539,93020,1318.2379160180496
2299.0,579.207925056539,93020,1315.5033369974874
2299.0,579.207925056539,93020,1312.915768892365
2299.0,579.207925056539,93020,1311.6270121170328
2299.0,579.207925056539,93020,1308.7477039014052
2299.0,579.207925056539,93020,1306.062569635841
2299.0,579.207925056539,93020,1300.3394735805193
2299.0,579.207925056539,93020,1298.518610958258
2299.0,579.207925056539,93020,1300.4399247077472
2299.0,579.207925056539,93020,1298.2226718250365
2299.0,579.207925056539,93020,1299.3977763191917
2299.0,577.1124550672926,93020,1296.9016679212393
2299.0,577.1124550672926,93020,1294.1957735640576
2299.0,577.1124550672926,93020,1298.5510118881953
2299.0,577.1124550672926,93020,1296.0031877400704
2299.0,577.1124550672926,93020,1296.0031877400704
2299.0,577.1124550672926,93020,1263.2127761863744
2299.0,577.1124550672926,93020,1263.2127761863744
2299.0,577.1124550672926,93020,1263.2127761863744
2299.0,577.1124550672926,93020,1252.2972299337373
2299.0,577.1124550672926,93020,1252.2972299337373
2299.0,577.1124550672926,93020,1252.2972299337373
2299.0,577.1124550672926,93020,1252.2972299337373
2299.0,577.1124550672926,93020,1238.9116531720815
2299.0,577.1124550672926,93020,1238.9116531720815
2299.0,577.1124550672926,93020,1238.9116531720815
2299.0,552.8929124063184,93020,1231.0567364120855
2299.0,552.8929124063184,93020,1231.0567364120855
2299.0,552.8929124063184,93020,1231.0567364120855
2299.0,552.8929124063184,93020,1237.52864785482
2299.0,552.8929124063184,93020,1237.52864785482
2299.0,552.8929124063184,93020,1237.52864785482
2299.0,552.8929124063184,93020,1236.1361108752865
2299.0,552.8929124063184,93020,1236.1361108752865
2299.0,552.8929124063184,93020,1236.1361108752865
2299.0,552.8929124063184,93020,1243.4822988900578
2299.0,552.8929124063184,93020,1243.4822988900578
2299.0,552.8929124063184,93020,1243.4822988900578
2299.0,552.8929124063184,93020,1243.4822988900578
2299.0,552.8929124063184,93020,1245.130630239326
2299.0,552.8929124063184,93020,1245.130630239326
2299.0,552.8929124063184,93020,1245.130630239326
2299.0,508.686035947573,93020,1248.6299160697806
2299.0,508.686035947573,93020,1248.6299160697806
2299.0,508.686035947573,93020,1248.6299160697806
2299.0,508.686035947573,93020,1246.6544428145976
2299.0,508.686035947573,93020,1246.6544428145976
2299.0,508.686035947573,93020,1246.6544428145976
2299.0,508.686035947573,93020,1246.6544428145976
2299.0,508.686035947573,93020,N/A
2299.0,508.686035947573,93020,N/A
2299.0,508.686035947573,93020,N/A
