"org.apache.cassandra.metrics:type=ClientRequest,scope=Write,name=Latency/Mean","org.apache.cassandra.metrics:type=ClientRequest,scope=Write,name=Latency/99thPercentile","org.apache.cassandra.metrics:type=ClientRequest,scope=Write,name=Latency/OneMinuteRate","org.apache.cassandra.metrics:type=Storage,name=Load/Count"
14237.0,14237.0,0.10268342380651845,117427
14237.0,14237.0,0.10268342380651845,106844
14237.0,14237.0,0.10268342380651845,93031
22732.866666666665,73457.0,0.09447331054820299,93031
13061.758620689656,73457.0,0.09447331054820299,93031
9664.372093023256,73457.0,0.09447331054820299,93031
8591.464285714286,73457.0,0.09447331054820299,93031
7377.884057971014,73457.0,0.09447331054820299,93031
6395.130952380952,73457.0,0.09447331054820299,93031
6051.265306122449,73457.0,0.09447331054820299,93031
5649.612612612613,61214.0,0.09447331054820299,93031
5321.031496062992,61214.0,0.09447331054820299,93031
156575.92,943127.0,0.09447331054820299,93031
147124.15023474177,943127.0,0.09447331054820299,93031
137619.30263157896,943127.0,3.5889742809370557,93031
130442.67634854771,943127.0,3.5889742809370557,93031
123395.50588235294,943127.0,3.5889742809370557,93031
117526.05970149254,943127.0,3.5889742809370557,93031
112178.53380782918,943127.0,3.5889742809370557,93031
107336.79591836735,943127.0,3.5889742809370557,93031
103226.18300653595,943127.0,3.5889742809370557,93031
99124.87147335423,943127.0,3.5889742809370557,93031
95303.26807228915,943127.0,3.5889742809370557,93031
92050.49709302325,943127.0,3.5889742809370557,93031
88559.93575418994,943127.0,3.5889742809370557,93031
85511.77897574124,943127.0,3.5889742809370557,93031
82701.5859375,943127.0,3.5889742809370557,93031
80258.29797979798,943127.0,3.5889742809370557,93031
77751.65036674816,943127.0,3.5889742809370557,93031
75422.72274881517,943127.0,3.5889742809370557,93031
73237.32413793103,943127.0,3.5889742809370557,93031
71152.97767857143,943127.0,6.900017083104882,93031
75075.97263157894,943127.0,6.900017083104882,93031
100377.47244094488,943127.0,6.900017083104882,93031
120310.2780952381,943127.0,6.900017083104882,93031
130368.0185528757,943127.0,6.900017083104882,93031
162687.05732484077,943127.0,6.900017083104882,93031
173114.67057101024,943127.0,6.900017083104882,93031
168596.7425614489,943127.0,6.900017083104882,93031
165609.65046296295,943127.0,6.900017083104882,93031
175606.5586061246,943127.0,6.900017083104882,93031
183795.62846227316,943127.0,6.900017083104882,93031
187837.80127620784,943127.0,6.900017083104882,93031
183112.01499118167,943127.0,17.17430843734719,93031
181049.7776809067,943127.0,17.17430843734719,93031
179185.35979292492,943127.0,17.17430843734719,93031
177208.01962457338,943127.0,17.17430843734719,93031
175274.36540084388,943127.0,17.17430843734719,93031
173527.80785296575,943127.0,17.17430843734719,93031
171674.94214876034,943127.0,17.17430843734719,93031
169626.01382113821,943127.0,17.17430843734719,93031
167996.47504025765,943127.0,17.17430843734719,93031
166399.50558213715,943127.0,17.17430843734719,93031
164703.73007103393,943127.0,17.17430843734719,93031
163040.7453125,943127.0,17.17430843734719,93031
161412.41221964423,943127.0,17.17430843734719,93031
159948.9908045977,943127.0,17.17430843734719,93031
158512.32498101747,943127.0,17.17430843734719,93031
157095.84198645598,943127.0,17.17430843734719,93031
155707.9619686801,943127.0,17.17430843734719,93031
154457.84837278107,943127.0,19.431110128731266,93031
143105.97875,943127.0,19.431110128731266,93031
133067.65283842795,943127.0,19.431110128731266,93031
131787.81906300483,943127.0,19.431110128731266,93031
130878.28181818181,943127.0,19.431110128731266,93031
129981.49867233139,943127.0,19.431110128731266,93031
129096.43565400844,943127.0,19.431110128731266,93031
128289.7966457023,943127.0,19.431110128731266,93031
127428.06663196252,943127.0,19.431110128731266,93031
126577.23061013443,943127.0,19.431110128731266,93031
125738.79815100154,943127.0,19.431110128731266,93031
124916.6612244898,943127.0,19.431110128731266,93031
124165.9107505071,943127.0,19.431110128731266,93031
123362.18589420654,943127.0,19.431110128731266,93031
122636.06109163746,943127.0,19.431110128731266,93031
121851.31890547264,943127.0,19.431110128731266,93031
121074.38309441424,943127.0,19.431110128731266,93031
120308.12180746562,943127.0,28.687479486101964,93031
119609.00341796875,943127.0,28.687479486101964,93031
118863.49199417759,943127.0,28.687479486101964,93031
118185.83260974434,943127.0,28.687479486101964,93031
117460.18360498562,943127.0,28.687479486101964,93031
116738.73749404478,943127.0,28.687479486101964,93031
116027.18087121213,943127.0,28.687479486101964,93031
115322.78635294117,943127.0,28.687479486101964,93031
114629.52572497661,943127.0,28.687479486101964,93031
113942.6689911669,943127.0,28.687479486101964,93031
113265.59935304991,943127.0,28.687479486101964,93031
112601.72806614607,943127.0,28.687479486101964,93031
111941.30365296804,943127.0,28.687479486101964,93031
111132.48708654282,943127.0,28.687479486101964,93031
110488.34504504505,943127.0,28.687479486101964,93031
109900.87410394265,943127.0,28.687479486101964,93031
109705.77570093458,943127.0,29.863827676068766,93031
109705.77570093458,943127.0,29.863827676068766,93031
109705.77570093458,943127.0,29.863827676068766,93031
115830.41935483871,943127.0,29.863827676068766,93031
147883.67650531288,943127.0,29.863827676068766,93031
167047.7863915226,943127.0,29.863827676068766,93031
169407.66615620215,785939.0,29.863827676068766,93031
193814.3681093394,785939.0,29.863827676068766,93031
210293.840239214,785939.0,29.863827676068766,93031
210293.840239214,785939.0,29.863827676068766,93031
273662.13689752936,1629722.0,41.50025752683637,93031
326344.62533692725,1629722.0,41.50025752683637,93031
326950.57100917434,1629722.0,41.50025752683637,93031
327823.34595162986,1629722.0,41.50025752683637,93031
338416.4458235491,1629722.0,41.50025752683637,93031
354896.2220189082,1629722.0,41.50025752683637,93031
350172.99361643073,1629722.0,57.85115414443081,93031
348621.5886260962,1629722.0,57.85115414443081,93031
303621.0304535637,1629722.0,57.85115414443081,93031
315533.1865734858,1629722.0,57.85115414443081,93031
327013.4825556957,1629722.0,57.85115414443081,93031
339291.119645799,1629722.0,57.85115414443081,93031
348866.3806542811,1629722.0,74.79764818345217,93031
356604.4840551181,1629722.0,74.79764818345217,93031
367115.4034178187,1629722.0,74.79764818345217,93031
376474.7925412294,1629722.0,74.79764818345217,93031
376474.7925412294,1629722.0,74.79764818345217,93031
399470.4518667643,1629722.0,74.79764818345217,93031
399470.4518667643,1629722.0,74.79764818345217,93031
399470.4518667643,1629722.0,77.00461038055161,93031
463852.9651287554,3379391.0,77.00461038055161,93031
463852.9651287554,3379391.0,77.00461038055161,93031
463852.9651287554,3379391.0,77.00461038055161,93031
463852.9651287554,3379391.0,77.00461038055161,93031
529922.8977272727,3379391.0,74.82944983279341,93031
571797.8232072565,3379391.0,71.005218173455,93031
620936.6885245901,3379391.0,71.005218173455,93031
600626.269123506,3379391.0,71.005218173455,93031
596765.1127922972,3379391.0,71.005218173455,93031
596765.1127922972,3379391.0,71.005218173455,93031
609956.1893808702,3379391.0,78.55260821033372,93031
560137.7368594497,3379391.0,78.55260821033372,93031
503547.7841553288,3379391.0,78.55260821033372,93031
421835.447997189,3379391.0,125.10653925142623,93031
420715.1885293774,3379391.0,125.10653925142623,93031
416951.74233128835,3379391.0,125.10653925142623,93031
415318.09985010955,3379391.0,125.10653925142623,93031
405281.2879162916,3379391.0,125.10653925142623,93031
380959.19371893833,3379391.0,125.10653925142623,93031
346600.79513555084,3379391.0,125.10653925142623,93031
342196.1681852696,3379391.0,125.10653925142623,93031
333382.72242256126,3379391.0,125.10653925142623,93031
305478.8102498941,3379391.0,153.09846684002449,93031
304247.9958660255,3379391.0,153.09846684002449,93031
301137.24298597197,3379391.0,153.09846684002449,93031
297374.08212401054,3379391.0,153.09846684002449,93031
295913.15720380703,3379391.0,153.09846684002449,93031
295840.8612911164,3379391.0,153.09846684002449,93031
280389.6371124408,3379391.0,153.09846684002449,93031
254089.53678800253,3379391.0,153.09846684002449,93031
253113.5645953149,3379391.0,153.09846684002449,93031
253025.58290682186,3379391.0,194.58754267357193,93031
250574.54606679163,3379391.0,194.58754267357193,93031
248954.20929230237,3379391.0,194.58754267357193,93031
246582.87168103817,3379391.0,194.58754267357193,93031
245289.6384713376,3379391.0,194.58754267357193,93031
242987.47901068395,3379391.0,194.58754267357193,93031
241408.935562056,3379391.0,194.58754267357193,93031
237724.66899843633,3379391.0,194.58754267357193,93031
213257.03956303513,3379391.0,194.58754267357193,93031
208196.97586107507,3379391.0,194.58754267357193,93031
205980.00755631595,3379391.0,194.58754267357193,93031
203881.27940450152,3379391.0,194.58754267357193,93031
201628.1969020374,3379391.0,194.58754267357193,93031
193603.3521806123,2816159.0,235.31791389422136,93031
186349.5667311412,2816159.0,235.31791389422136,93031
185193.66933623783,2816159.0,235.31791389422136,93031
183485.85610003807,2816159.0,235.31791389422136,93031
181951.568856999,2816159.0,235.31791389422136,93031
181395.31975905126,2816159.0,235.31791389422136,93031
185774.7407693221,2816159.0,239.6740609810245,93031
185774.7407693221,2816159.0,239.6740609810245,93031
180438.65621042938,2816159.0,239.6740609810245,93031
173997.53402153403,2346799.0,239.6740609810245,93031
173089.93087837464,2346799.0,239.6740609810245,93031
171094.36343792634,2346799.0,239.6740609810245,93031
157765.5524528302,2346799.0,239.6740609810245,93031
155672.63356997469,2346799.0,239.6740609810245,93031
154634.67646333645,2346799.0,239.6740609810245,93031
153752.99274367522,2346799.0,239.6740609810245,93031
150039.32016075015,2346799.0,289.2406023217531,93031
145874.02990697674,2346799.0,289.2406023217531,93031
143608.97165750916,2346799.0,289.2406023217531,93031
142797.1066697018,2346799.0,289.2406023217531,93031
141968.70584774145,2346799.0,289.2406023217531,93031
141174.64773392142,2346799.0,289.2406023217531,93031
140465.23723804406,2346799.0,289.2406023217531,93031
139595.3566215735,2346799.0,289.2406023217531,93031
137589.59379771494,2346799.0,289.2406023217531,93031
134821.60874948412,2346799.0,289.2406023217531,93031
130373.42460218487,2346799.0,289.2406023217531,93031
129449.0900896439,2346799.0,289.2406023217531,93031
128588.52545874944,2346799.0,289.2406023217531,93031
127715.06708359798,2346799.0,289.2406023217531,93031
126779.60390901596,2346799.0,326.48066760501115,93031
125984.13657831325,2346799.0,326.48066760501115,93031
125175.37323437874,2346799.0,326.48066760501115,93031
124665.03266415527,2346799.0,326.48066760501115,93031
123728.89569826321,2346799.0,326.48066760501115,93031
118187.37534148416,2346799.0,326.48066760501115,93031
116440.82228105007,2346799.0,326.48066760501115,93031
115624.77091912732,2346799.0,326.48066760501115,93031
114985.00060991549,2346799.0,326.48066760501115,93031
114298.1326375958,2346799.0,326.48066760501115,93031
110989.3506706471,2346799.0,326.48066760501115,93031
107289.73583678778,2346799.0,326.48066760501115,93031
106708.89818519866,2346799.0,326.48066760501115,93031
106130.46207340114,2346799.0,368.35495339659246,93031
103489.37022305412,2346799.0,368.35495339659246,93031
101577.9696969697,2346799.0,368.35495339659246,93031
101084.1047227926,2346799.0,368.35495339659246,93031
100579.70629185427,2346799.0,368.35495339659246,93031
100061.63634310663,2346799.0,368.35495339659246,93031
99571.41451631025,1955666.0,368.35495339659246,93031
99111.70342205324,1955666.0,368.35495339659246,93031
98656.48573336797,1955666.0,368.35495339659246,93031
98096.20475171549,1955666.0,368.35495339659246,93031
95202.2680438207,1955666.0,368.35495339659246,93031
93893.1540444162,1955666.0,368.35495339659246,93031
93481.29276951739,1955666.0,368.35495339659246,93031
93056.92599720084,1955666.0,368.35495339659246,93031
92662.18172316483,1955666.0,368.35495339659246,93031
92245.23669972949,1955666.0,400.3088070382593,93031
91847.92686464089,1955666.0,400.3088070382593,93031
91562.87184606382,1955666.0,400.3088070382593,93031
91544.15111677049,1955666.0,400.3088070382593,93031
87933.75439582231,1955666.0,400.3088070382593,93031
86018.12385232122,1955666.0,400.3088070382593,93031
85683.9270947382,1955666.0,400.3088070382593,93031
85182.8062319979,1955666.0,400.3088070382593,93031
84778.02475616112,1955666.0,400.3088070382593,93031
82719.86698113207,1955666.0,400.3088070382593,93031
81455.07209717756,1955666.0,400.3088070382593,93031
80026.29113435351,1955666.0,400.3088070382593,93031
79678.03655042281,1955666.0,436.18417402218256,93031
76843.52249216565,1955666.0,436.18417402218256,93031
76496.89236239225,1955666.0,436.18417402218256,93031
76160.84341815267,1955666.0,436.18417402218256,93031
75800.38650714523,1955666.0,436.18417402218256,93031
75463.41189704229,1955666.0,436.18417402218256,93031
75139.37789050661,1955666.0,436.18417402218256,93031
74835.20188301677,1955666.0,436.18417402218256,93031
74521.43465194525,1955666.0,436.18417402218256,93031
74181.31448544952,1955666.0,436.18417402218256,93031
72338.4168727411,1629722.0,436.18417402218256,93031
71059.1420297076,1629722.0,436.18417402218256,93031
70767.73411480138,1629722.0,436.18417402218256,93031
70493.44140359548,1629722.0,462.4908269844557,93031
70213.1297338871,1629722.0,462.4908269844557,93031
69947.78142813362,1629722.0,462.4908269844557,93031
69916.05057436055,1629722.0,462.4908269844557,93031
69671.72928176796,1629722.0,462.4908269844557,93031
69186.26117661322,1629722.0,462.4908269844557,93031
66548.07755558103,1629722.0,462.4908269844557,93031
63730.225379930875,1629722.0,462.4908269844557,93031
63515.76330681539,1629722.0,462.4908269844557,93031
63501.56560691843,1629722.0,495.10544369098216,93031
63237.2178923239,1629722.0,495.10544369098216,93031
62486.86459353575,1358102.0,495.10544369098216,93031
61764.48233482305,1358102.0,495.10544369098216,93031
61271.921613850114,1358102.0,495.10544369098216,93031
61054.03184409228,1358102.0,495.10544369098216,93031
60812.01162237679,1358102.0,495.10544369098216,93031
60575.91422649889,1358102.0,495.10544369098216,93031
60357.546535296024,1358102.0,495.10544369098216,93031
60126.56795274896,1358102.0,495.10544369098216,93031
59859.206377065966,1358102.0,495.10544369098216,93031
59374.439302501014,1358102.0,495.10544369098216,93031
59183.332889904275,1358102.0,495.10544369098216,93031
58461.69155621572,1358102.0,495.10544369098216,93031
58040.799081189914,1358102.0,506.13088366009936,93031
57853.65649113881,1358102.0,506.13088366009936,93031
57760.18681039591,1358102.0,506.13088366009936,93031
57654.48629693266,1358102.0,506.13088366009936,93031
57455.267991467386,1358102.0,506.13088366009936,93031
57244.79975392187,1358102.0,506.13088366009936,93031
56486.862068965514,1358102.0,506.13088366009936,93031
56306.158930928286,1358102.0,506.13088366009936,93031
56065.66363686141,1358102.0,506.13088366009936,93031
54384.92459190445,1358102.0,506.13088366009936,93031
54281.618860927156,1358102.0,505.4328007462528,93031
52698.88026430812,1358102.0,505.4328007462528,93031
51860.38733578411,1358102.0,505.4328007462528,93031
50700.20334828268,1358102.0,505.4328007462528,93031
50387.76808304498,1358102.0,505.4328007462528,93031
50202.97126389234,1358102.0,510.9950868851846,93031
50085.312176736,1358102.0,510.9950868851846,93031
50040.46234401627,1358102.0,510.9950868851846,93031
49264.90925079142,1358102.0,510.9950868851846,93031
48295.11816807659,1358102.0,510.9950868851846,93031
47893.454048226355,1358102.0,510.9950868851846,93031
47105.0015514299,1358102.0,510.9950868851846,93031
46148.891463929125,1358102.0,509.7641637014473,93031
45776.36638303808,1358102.0,509.7641637014473,93031
45073.672974457564,1358102.0,509.7641637014473,93031
44899.28519450676,1358102.0,509.7641637014473,93031
44739.913784174234,1358102.0,509.7641637014473,93031
44573.0229179678,1358102.0,509.7641637014473,93031
44415.73097943723,1358102.0,509.7641637014473,93031
44260.69901865631,1358102.0,509.7641637014473,93031
44116.23387790198,1131752.0,509.7641637014473,93031
42951.83342488686,1131752.0,509.7641637014473,93031
42642.18359344569,1131752.0,509.7641637014473,93031
42503.838289722284,1131752.0,509.7641637014473,93031
42386.75925256801,1131752.0,531.32305482961,93031
42239.25105441827,1131752.0,531.32305482961,93031
42080.18809243224,1131752.0,531.32305482961,93031
41978.05146814546,1131752.0,531.32305482961,93031
41957.03790452351,1131752.0,531.32305482961,93031
41798.89031092565,1131752.0,531.32305482961,93031
41655.55304259635,1131752.0,531.32305482961,93031
41488.23405974596,943127.0,531.32305482961,93031
41076.61141942903,943127.0,531.32305482961,93031
40634.1250958186,943127.0,531.32305482961,93031
40492.65566095848,943127.0,531.32305482961,93031
40273.42838589527,943127.0,531.32305482961,93031
39842.965943363495,943127.0,531.32305482961,93031
38445.78431271566,943127.0,531.32305482961,93031
38303.73094584541,943127.0,531.32305482961,93031
38165.660012779554,943127.0,553.9566376856515,93031
37490.27905809108,943127.0,553.9566376856515,93031
36914.68226308765,943127.0,553.9566376856515,93031
36408.397552771414,943127.0,553.9566376856515,93031
36289.23649305218,943127.0,553.9566376856515,93031
36173.358701179204,943127.0,553.9566376856515,93031
36055.77621449429,943127.0,553.9566376856515,93031
35936.46666506326,943127.0,553.9566376856515,93031
35828.16812525476,943127.0,553.9566376856515,93031
35721.41917055097,943127.0,553.9566376856515,93031
34866.60003265992,785939.0,553.9566376856515,93031
34641.0857050153,785939.0,553.9566376856515,93031
34533.24606108211,785939.0,553.9566376856515,93031
34419.17631754657,785939.0,553.9566376856515,93031
34234.18080648485,785939.0,579.5458920634948,93031
33903.02306070157,785939.0,579.5458920634948,93031
33827.0175331433,785939.0,579.5458920634948,93031
33799.473044146565,785939.0,579.5458920634948,93031
33695.553775434324,785939.0,579.5458920634948,93031
33607.79383343072,785939.0,579.5458920634948,93031
33417.101321371105,785939.0,579.5458920634948,93031
33290.234348438484,785939.0,579.5458920634948,93031
33064.150640329935,785939.0,579.5458920634948,93031
32931.667147043285,785939.0,579.5458920634948,93031
32679.287392755006,785939.0,579.5458920634948,93031
31607.341990643654,785939.0,579.5458920634948,93031
31478.82519392298,785939.0,579.5458920634948,93031
31384.245098263516,785939.0,595.829175476701,93031
31186.406355845513,785939.0,595.829175476701,93031
30519.217531528728,785939.0,595.829175476701,93031
30424.481874819856,785939.0,595.829175476701,93031
30040.066345627667,785939.0,595.829175476701,93031
29944.88362351093,785939.0,595.829175476701,93031
29875.196739508967,785939.0,595.829175476701,93031
29795.789884957674,785939.0,595.829175476701,93031
29706.584913009607,785939.0,595.829175476701,93031
29265.39392971246,785939.0,595.829175476701,93031
28816.140894984062,785939.0,595.829175476701,93031
28725.179338468508,785939.0,595.829175476701,93031
28644.710806903408,785939.0,595.829175476701,93031
28560.919530651772,785939.0,595.829175476701,93031
28475.42998271178,785939.0,619.6855894089929,93031
28336.296188731514,785939.0,619.6855894089929,93031
28140.649710495374,785939.0,619.6855894089929,93031
28108.7183407565,785939.0,619.6855894089929,93031
28057.82637736934,785939.0,619.6855894089929,93031
27945.648802837066,785939.0,619.6855894089929,93031
27810.950179729967,785939.0,619.6855894089929,93031
27584.761189487643,785939.0,619.6855894089929,93031
27501.831664716334,785939.0,619.6855894089929,93031
27402.385767951982,785939.0,619.6855894089929,93031
27108.95899626268,785939.0,619.6855894089929,93031
26371.88154779213,785939.0,619.6855894089929,93031
26299.92765419825,785939.0,631.0004569461831,93031
26184.568350515463,785939.0,631.0004569461831,93031
25714.963699309617,654949.0,631.0004569461831,93031
25568.283166602927,654949.0,631.0004569461831,93031
25286.237675264903,654949.0,631.0004569461831,93031
25198.240684256554,654949.0,631.0004569461831,93031
25131.54126605973,654949.0,631.0004569461831,93031
25058.25683929253,654949.0,631.0004569461831,93031
24991.420894575447,654949.0,631.0004569461831,93031
24920.759615384617,654949.0,631.0004569461831,93031
24874.5784068189,654949.0,631.0004569461831,93031
24238.573546297055,654949.0,631.0004569461831,93031
24169.15900402723,654949.0,631.0004569461831,93031
24115.23770675695,654949.0,631.0004569461831,93031
24049.611470408785,654949.0,631.0004569461831,93031
23982.3764118995,654949.0,652.6204106950146,93031
23915.909675462543,654949.0,652.6204106950146,93031
23752.508554216867,654949.0,652.6204106950146,93031
23739.89335099444,654949.0,652.6204106950146,93031
23624.244515382637,654949.0,652.6204106950146,93031
23543.026343879425,654949.0,652.6204106950146,93031
23403.943853841745,654949.0,652.6204106950146,93031
23242.942066234096,654949.0,652.6204106950146,93031
23171.392755144898,654949.0,652.6204106950146,93031
23089.87209423974,654949.0,652.6204106950146,93031
22970.248111224428,654949.0,652.6204106950146,93031
22795.156561067284,654949.0,652.6204106950146,93031
22435.943563793033,654949.0,652.6204106950146,93031
22208.78705472977,654949.0,652.6204106950146,93031
22136.705877636115,654949.0,661.7337154782041,93031
22007.096785764104,654949.0,661.7337154782041,93031
21518.676094197395,654949.0,661.7337154782041,93031
21336.309336680504,654949.0,661.7337154782041,93031
21286.91747413843,654949.0,661.7337154782041,93031
21234.343049284274,654949.0,661.7337154782041,93031
21182.59252941853,654949.0,661.7337154782041,93031
21131.825249956986,654949.0,661.7337154782041,93031
21041.289334526522,654949.0,661.7337154782041,93031
20984.922037885855,654949.0,661.7337154782041,93031
20504.86937311777,654949.0,661.7337154782041,93031
20448.93326220958,545791.0,661.7337154782041,93031
20404.31893085232,545791.0,661.7337154782041,93031
20364.531434416556,545791.0,661.7337154782041,93031
20313.98860069063,545791.0,678.7695549798995,93031
20274.2891408208,545791.0,678.7695549798995,93031
20268.92451943781,545791.0,678.7695549798995,93031
20215.48472485213,545791.0,678.7695549798995,93031
20164.11181200475,545791.0,678.7695549798995,93031
20042.20929827616,545791.0,678.7695549798995,93031
19964.393005106464,545791.0,678.7695549798995,93031
19840.40338548149,545791.0,678.7695549798995,93031
19812.99482828283,545791.0,678.7695549798995,93031
19732.083646824518,545791.0,678.7695549798995,93031
19661.938487132207,545791.0,678.7695549798995,93031
19568.131898597843,545791.0,678.7695549798995,93031
19033.089221638187,545791.0,678.7695549798995,93031
18966.75910250464,545791.0,687.4551658005587,93031
18888.84343006697,545791.0,687.4551658005587,93031
18762.46838805856,545791.0,687.4551658005587,93031
18664.236545444175,545791.0,687.4551658005587,93031
18345.25547854354,545791.0,687.4551658005587,93031
18250.05121343888,545791.0,687.4551658005587,93031
18206.748387335952,545791.0,687.4551658005587,93031
18161.250956756456,545791.0,687.4551658005587,93031
17995.08671377816,545791.0,687.4551658005587,93031
17946.01278881903,545791.0,687.4551658005587,93031
17542.820260629698,545791.0,687.4551658005587,93031
17447.974384199177,545791.0,687.4551658005587,93031
17406.227958937197,545791.0,687.4551658005587,93031
17366.33422439759,545791.0,687.4551658005587,93031
17324.168863602223,545791.0,704.3693568511178,93031
17278.70213283898,545791.0,704.3693568511178,93031
17246.290287615167,545791.0,704.3693568511178,93031
17234.406289684022,545791.0,704.3693568511178,93031
17207.334433320284,545791.0,704.3693568511178,93031
17114.97567397189,545791.0,704.3693568511178,93031
17039.623248860258,545791.0,704.3693568511178,93031
16919.908464512817,545791.0,704.3693568511178,93031
16897.091822978855,545791.0,704.3693568511178,93031
16834.70382733813,545791.0,704.3693568511178,93031
16775.99168466729,545791.0,704.3693568511178,93031
16715.775985526565,545791.0,704.3693568511178,93031
16237.984002811067,545791.0,704.3693568511178,93031
16195.52394828572,545791.0,708.8013463715597,93031
16133.08400382086,545791.0,708.8013463715597,93031
16087.920656434302,545791.0,708.8013463715597,93031
15988.750382207338,545791.0,708.8013463715597,93031
15662.292711619699,454826.0,708.8013463715597,93031
15626.83071944237,454826.0,708.8013463715597,93031
15568.445223798642,454826.0,708.8013463715597,93031
15531.022367095988,454826.0,708.8013463715597,93031
15510.055749620691,454826.0,708.8013463715597,93031
15470.12623932099,454826.0,708.8013463715597,93031
15148.550606846755,454826.0,708.8013463715597,93031
15046.983370268274,454826.0,708.8013463715597,93031
15012.0299604601,454826.0,708.8013463715597,93031
14975.438620392944,454826.0,708.8013463715597,93031
14936.628868191001,454826.0,724.696409093324,93031
14903.812816579868,454826.0,724.696409093324,93031
14874.891533026004,454826.0,724.696409093324,93031
14873.87849502554,454826.0,724.696409093324,93031
14872.68452758402,454826.0,724.696409093324,93031
14811.351860793344,454826.0,724.696409093324,93031
14744.241788506682,454826.0,724.696409093324,93031
14647.165895571712,454826.0,724.696409093324,93031
14584.371033776868,454826.0,724.696409093324,93031
14928.170337685071,454826.0,724.696409093324,93031
14916.373678175563,454826.0,724.696409093324,93031
14889.88171281157,454826.0,696.2724856070937,93031
15471.076504116529,454826.0,696.2724856070937,93031
15851.221482476216,454826.0,696.2724856070937,93031
16754.12868389752,545791.0,696.2724856070937,93031
17512.323867172032,545791.0,696.2724856070937,93031
18597.78553629769,545791.0,696.2724856070937,93031
18436.66317850021,545791.0,696.2724856070937,93031
18392.67754886038,545791.0,696.2724856070937,93031
18348.8260006917,545791.0,696.2724856070937,93031
18319.38489914592,545791.0,696.2724856070937,93031
18105.95768875958,545791.0,696.2724856070937,93031
18052.947525733085,545791.0,696.2724856070937,93031
18084.746494206214,545791.0,706.2771292663564,93031
18049.47081246317,545791.0,706.2771292663564,93031
17997.840644107007,545791.0,706.2771292663564,93031
17954.116503965273,545791.0,706.2771292663564,93031
17780.349527591898,545791.0,706.2771292663564,93031
17691.148413399962,545791.0,706.2771292663564,93031
17690.691841421634,545791.0,706.2771292663564,93031
17943.694333792486,545791.0,706.2771292663564,93031
17926.548582054857,545791.0,681.3568019492128,93031
17855.35217528198,545791.0,681.3568019492128,93031
17817.80834195742,545791.0,681.3568019492128,93031
17765.008474576272,545791.0,681.3568019492128,93031
17393.583086808238,545791.0,681.3568019492128,93031
17128.522029496336,545791.0,681.3568019492128,93031
17090.757713164665,545791.0,681.3568019492128,93031
17055.978119172036,545791.0,681.3568019492128,93031
17015.455749359953,545791.0,681.3568019492128,93031
16974.26021457966,545791.0,681.3568019492128,93031
16777.549328249817,545791.0,681.3568019492128,93031
16575.047018122503,545791.0,681.3568019492128,93031
16544.099431106657,545791.0,694.0092294802914,93031
16506.064621479814,545791.0,694.0092294802914,93031
16480.264939600187,545791.0,694.0092294802914,93031
16486.17748027997,545791.0,694.0092294802914,93031
16445.9252193185,545791.0,694.0092294802914,93031
16408.316917237822,545791.0,694.0092294802914,93031
16369.188171944204,454826.0,694.0092294802914,93031
16328.681912338912,454826.0,694.0092294802914,93031
16173.433848890825,454826.0,694.0092294802914,93031
16135.67024012169,454826.0,694.0092294802914,93031
16074.768245607705,454826.0,694.0092294802914,93031
16023.346242180936,454826.0,694.0092294802914,93031
15932.61557168582,454826.0,694.0092294802914,93031
15881.989860489213,454826.0,694.0092294802914,93031
15841.614862246499,454826.0,679.4245927601806,93031
15546.320950105004,454826.0,679.4245927601806,93031
15453.284038361193,454826.0,679.4245927601806,93031
15413.129483751727,454826.0,679.4245927601806,93031
15375.18985574686,454826.0,679.4245927601806,93031
15338.009979469785,454826.0,679.4245927601806,93031
14812.974730922831,454826.0,679.4245927601806,93031
14776.39623113334,454826.0,679.4245927601806,93031
14739.255014786047,454826.0,679.4245927601806,93031
14704.107665790034,454826.0,679.4245927601806,93031
14668.166619403779,454826.0,679.4245927601806,93031
14529.803700258035,454826.0,679.4245927601806,93031
14293.242088908071,454826.0,679.4245927601806,93031
14263.660241503454,454826.0,679.4245927601806,93031
14231.928205128204,454826.0,720.9995308243965,93031
14199.11689580447,454826.0,720.9995308243965,93031
14188.539587881369,454826.0,720.9995308243965,93031
14170.010616426216,454826.0,720.9995308243965,93031
14137.943951341986,454826.0,720.9995308243965,93031
14103.077769548196,454826.0,720.9995308243965,93031
14070.316744946964,454826.0,720.9995308243965,93031
14040.192055729007,454826.0,720.9995308243965,93031
14004.584456723242,454826.0,720.9995308243965,93031
13964.488299475988,454826.0,720.9995308243965,93031
13867.62602002637,379022.0,720.9995308243965,93031
13828.378992432587,379022.0,720.9995308243965,93031
13797.491803859717,379022.0,697.4926262386275,93031
13676.496715956588,379022.0,697.4926262386275,93031
13438.063881173772,379022.0,697.4926262386275,93031
13363.380142953665,379022.0,697.4926262386275,93031
13330.49654194006,379022.0,697.4926262386275,93031
13293.199529686339,379022.0,697.4926262386275,93031
13262.22691758232,379022.0,697.4926262386275,93031
13062.971414181762,379022.0,697.4926262386275,93031
12855.813577567795,379022.0,697.4926262386275,93031
12832.00815143247,379022.0,697.4926262386275,93031
12802.48361799129,379022.0,697.4926262386275,93031
12782.829394167351,379022.0,697.4926262386275,93031
12473.042864699759,379022.0,697.4926262386275,93031
12446.102708592247,379022.0,697.4926262386275,93031
12416.788510197497,379022.0,740.6612363536627,93031
12390.524321851544,379022.0,740.6612363536627,93031
12363.835389972615,379022.0,740.6612363536627,93031
12357.042437450375,379022.0,740.6612363536627,93031
12367.838244000975,379022.0,740.6612363536627,93031
12338.72769276198,379022.0,740.6612363536627,93031
12309.808909141313,379022.0,740.6612363536627,93031
12280.989682347656,379022.0,740.6612363536627,93031
12190.170548485576,379022.0,740.6612363536627,93031
12152.286642278368,379022.0,740.6612363536627,93031
12105.27828855518,379022.0,740.6612363536627,93031
12030.193945011893,379022.0,740.6612363536627,93031
11962.05630031471,379022.0,740.6612363536627,93031
11918.97770617887,379022.0,740.6612363536627,93031
11722.256888858612,315852.0,720.1077547248958,93031
11633.034673290415,315852.0,720.1077547248958,93031
11608.084915202806,315852.0,720.1077547248958,93031
11582.279393215722,315852.0,720.1077547248958,93031
11550.159215909853,315852.0,720.1077547248958,93031
11503.437666787184,315852.0,720.1077547248958,93031
11410.863634812287,315852.0,720.1077547248958,93031
11194.96600150288,315852.0,720.1077547248958,93031
11171.080135947886,315852.0,720.1077547248958,93031
11146.775729672228,315852.0,720.1077547248958,93031
11130.991121216144,315852.0,720.1077547248958,93031
11045.669359540268,315852.0,720.1077547248958,93031
11022.633577637067,315852.0,755.1836499934433,93031
11004.248411658346,315852.0,755.1836499934433,93031
10981.608146578834,315852.0,755.1836499934433,93031
10979.752833904251,315852.0,755.1836499934433,93031
10966.561685038589,315852.0,755.1836499934433,93031
10942.646695134617,315852.0,755.1836499934433,93031
10844.389793537259,315852.0,755.1836499934433,93031
10806.88791738266,315852.0,755.1836499934433,93031
10718.90417961311,315852.0,755.1836499934433,93031
10688.719101310728,315852.0,755.1836499934433,93031
10764.223534028288,315852.0,755.1836499934433,93031
10717.98940199392,315852.0,755.1836499934433,93031
10675.06132562112,263210.0,755.1836499934433,93031
10650.164583227895,263210.0,732.1897309151817,93031
10626.031115897884,263210.0,732.1897309151817,93031
10438.351989823732,263210.0,732.1897309151817,93031
10373.56141185737,263210.0,732.1897309151817,93031
10353.322215126656,263210.0,732.1897309151817,93031
10275.167675514345,263210.0,732.1897309151817,93031
10250.310566277552,263210.0,732.1897309151817,93031
10057.765908233403,263210.0,732.1897309151817,93031
9937.629718433076,263210.0,732.1897309151817,93031
9915.83166060606,263210.0,732.1897309151817,93031
9896.168440574102,263210.0,732.1897309151817,93031
9896.038187339098,263210.0,732.1897309151817,93031
9875.05991504215,263210.0,732.1897309151817,93031
9670.858991924435,263210.0,732.1897309151817,93031
9650.483323148177,263210.0,770.2813928564599,93031
9637.456940987555,263210.0,770.2813928564599,93031
9596.980810059084,263210.0,770.2813928564599,93031
9579.780571935415,263210.0,770.2813928564599,93031
9560.285477817657,263210.0,770.2813928564599,93031
9542.081002845649,263210.0,770.2813928564599,93031
9524.629482136737,263210.0,770.2813928564599,93031
9507.234811219338,263210.0,770.2813928564599,93031
9480.093934531982,263210.0,770.2813928564599,93031
9434.111478647248,263210.0,770.2813928564599,93031
9411.504046090968,263210.0,770.2813928564599,93031
9366.668740914956,263210.0,770.2813928564599,93031
9331.133835467132,263210.0,770.2813928564599,93031
9266.073871568171,263210.0,746.560058422034,93031
9244.951609694639,263210.0,746.560058422034,93031
9112.113880631146,219342.0,746.560058422034,93031
9036.786370188025,219342.0,746.560058422034,93031
9019.079329681163,219342.0,746.560058422034,93031
9001.09165228889,219342.0,746.560058422034,93031
8988.918735709914,219342.0,746.560058422034,93031
8990.455155552638,219342.0,746.560058422034,93031
8757.609215235174,219342.0,746.560058422034,93031
8738.480921870518,219342.0,746.560058422034,93031
8722.00472373318,219342.0,746.560058422034,93031
8703.8671353084,219342.0,746.560058422034,93031
8700.325907096481,219342.0,746.560058422034,93031
8597.320223910436,182785.0,746.560058422034,93031
8512.25726994982,182785.0,746.560058422034,93031
8485.62922819639,182785.0,781.9995674105649,93031
8469.866679261919,182785.0,781.9995674105649,93031
8364.075646735373,182785.0,781.9995674105649,93031
8353.009263272808,182785.0,781.9995674105649,93031
8337.034490492286,182785.0,781.9995674105649,93031
8319.904401892461,182785.0,781.9995674105649,93031
8302.168838002903,182785.0,781.9995674105649,93031
8329.065443494654,182785.0,781.9995674105649,93031
8275.072522718836,182785.0,781.9995674105649,93031
8261.333129239643,182785.0,781.9995674105649,93031
8206.081582694676,182785.0,781.9995674105649,93031
8176.565337965988,182785.0,781.9995674105649,93031
8206.354450525358,182785.0,756.0140367530364,93031
8188.809587842655,182785.0,756.0140367530364,93031
8044.036717681122,182785.0,756.0140367530364,93031
7976.105809430033,182785.0,756.0140367530364,93031
7959.344090696813,182785.0,756.0140367530364,93031
7941.09708457152,182785.0,756.0140367530364,93031
7924.804868667768,182785.0,756.0140367530364,93031
7903.745825543678,182785.0,756.0140367530364,93031
7811.587926053392,182785.0,756.0140367530364,93031
7703.334046323048,182785.0,756.0140367530364,93031
7672.76031534109,182785.0,756.0140367530364,93031
7643.634590727052,152321.0,756.0140367530364,93031
8178.963898235794,219342.0,756.0140367530364,93031
8324.501632711575,263210.0,774.0508944958553,93031
8292.064800126904,263210.0,774.0508944958553,93031
8260.714969586856,263210.0,774.0508944958553,93031
8245.747666204112,263210.0,774.0508944958553,93031
8234.79257864846,219342.0,774.0508944958553,93031
8217.658925956579,219342.0,774.0508944958553,93031
8200.138751270326,219342.0,774.0508944958553,93031
8112.082760068469,219342.0,774.0508944958553,93031
8086.668774945281,219342.0,774.0508944958553,93031
8021.278056176189,219342.0,774.0508944958553,93031
8002.889840491579,219342.0,774.0508944958553,93031
7955.635041923746,219342.0,774.0508944958553,93031
7924.382638834187,219342.0,774.0508944958553,93031
7905.21223072451,219342.0,767.0587070352499,93031
7909.167624980035,219342.0,767.0587070352499,93031
7813.741840885441,219342.0,767.0587070352499,93031
7783.975128362146,219342.0,767.0587070352499,93031
7755.956032783808,182785.0,767.0587070352499,93031
7748.358064260215,182785.0,767.0587070352499,93031
7719.513227764081,182785.0,767.0587070352499,93031
7696.6292906538965,182785.0,767.0587070352499,93031
7665.057590062891,182785.0,767.0587070352499,93031
7649.312326021601,182785.0,767.0587070352499,93031
7624.201610346795,182785.0,767.0587070352499,93031
7597.843278750652,182785.0,767.0587070352499,93031
7572.581345584996,182785.0,767.0587070352499,93031
7547.060872564235,182785.0,767.0587070352499,93031
7522.988814247774,182785.0,767.0587070352499,93031
7450.368036746654,182785.0,769.2447961190376,93031
7435.121836383796,182785.0,769.2447961190376,93031
7382.760952107463,182785.0,769.2447961190376,93031
7304.812052374192,182785.0,769.2447961190376,93031
7244.213150588761,182785.0,769.2447961190376,93031
7222.633122356159,182785.0,769.2447961190376,93031
7197.509790564304,182785.0,769.2447961190376,93031
7186.694567921047,182785.0,769.2447961190376,93031
7161.384535456231,182785.0,769.2447961190376,93031
7138.039738158188,182785.0,752.146710266867,93031
7111.774802500079,182785.0,752.146710266867,93031
7052.692616694786,152321.0,752.146710266867,93031
7027.89328360598,152321.0,752.146710266867,93031
7002.5271927167205,152321.0,752.146710266867,93031
6916.783772439623,152321.0,752.146710266867,93031
6893.130840369924,152321.0,752.146710266867,93031
6869.864431767194,152321.0,752.146710266867,93031
6879.823700171905,152321.0,752.146710266867,93031
6853.7881518807435,152321.0,752.146710266867,93031
6828.405137608776,152321.0,752.146710266867,93031
6805.034804903453,152321.0,752.146710266867,93031
6781.768945864397,152321.0,752.146710266867,93031
6760.03479436799,152321.0,752.146710266867,93031
6791.54219545191,152321.0,745.3547463221663,93031
6769.454367467462,152321.0,745.3547463221663,93031
6711.543987936961,152321.0,745.3547463221663,93031
6618.433267807771,126934.0,745.3547463221663,93031
6594.260664714122,126934.0,745.3547463221663,93031
6571.521312359266,126934.0,745.3547463221663,93031
6553.038320475528,126934.0,745.3547463221663,93031
6573.7915253695055,126934.0,745.3547463221663,93031
6550.4827201606095,126934.0,745.3547463221663,93031
6528.028604536724,126934.0,745.3547463221663,93031
6499.8304382725955,126934.0,745.3547463221663,93031
6477.324377488845,126934.0,745.3547463221663,93031
6455.145643133694,126934.0,745.3547463221663,93031
6361.824437071159,126934.0,746.7016184406949,93031
6339.313786519919,126934.0,746.7016184406949,93031
6317.811169362572,126934.0,746.7016184406949,93031
6299.67306480539,126934.0,746.7016184406949,93031
6276.985886253178,126934.0,746.7016184406949,93031
6249.311888403081,126934.0,746.7016184406949,93031
6227.219877163596,126934.0,746.7016184406949,93031
6203.841382049245,126934.0,746.7016184406949,93031
6200.888514002025,105778.0,746.7016184406949,93031
6230.237378656537,105778.0,746.7016184406949,93031
6207.858502917549,105778.0,746.7016184406949,93031
6185.457327280922,105778.0,746.7016184406949,93031
6173.246341463415,105778.0,734.0605109902178,93031
6151.783209420607,105778.0,734.0605109902178,93031
6134.196412136087,105778.0,734.0605109902178,93031
6116.420869593613,105778.0,734.0605109902178,93031
6026.563134114772,105778.0,734.0605109902178,93031
6021.5386689187,105778.0,734.0605109902178,93031
5999.301578572815,105778.0,734.0605109902178,93031
5978.5467551717475,105778.0,734.0605109902178,93031
5958.769118402465,105778.0,734.0605109902178,93031
5938.71941019367,105778.0,734.0605109902178,93031
5857.28801188477,105778.0,734.0605109902178,93031
5836.588811503756,105778.0,734.0605109902178,93031
5817.219560270504,105778.0,734.0605109902178,93031
5785.901384754756,105778.0,735.0631131742441,93031
5765.6594311497865,105778.0,735.0631131742441,93031
5745.797694728055,105778.0,735.0631131742441,93031
5710.133721024412,105778.0,735.0631131742441,93031
5689.47969604569,105778.0,735.0631131742441,93031
5668.6420124047945,88148.0,735.0631131742441,93031
5659.088391785355,88148.0,735.0631131742441,93031
5653.586922372038,88148.0,735.0631131742441,93031
5633.1635782851745,88148.0,735.0631131742441,93031
5614.165183790103,88148.0,735.0631131742441,93031
5616.826029281714,88148.0,735.0631131742441,93031
5595.798316997994,88148.0,735.0631131742441,93031
5576.795737007132,88148.0,735.0631131742441,93031
5586.432044560944,88148.0,728.7415756791694,93031
5566.6117293822,88148.0,728.7415756791694,93031
5546.679425292961,88148.0,728.7415756791694,93031
5557.84169839811,88148.0,728.7415756791694,93031
5547.949821434422,88148.0,728.7415756791694,93031
5522.937083483799,88148.0,728.7415756791694,93031
5482.599651431736,73457.0,728.7415756791694,93031
5463.5022553219105,73457.0,728.7415756791694,93031
5443.552330936414,73457.0,728.7415756791694,93031
5412.881373351962,73457.0,728.7415756791694,93031
5285.861031054694,73457.0,728.7415756791694,93031
5268.316986610744,73457.0,728.7415756791694,93031
5250.55710198965,73457.0,728.7415756791694,93031
5239.931503297629,73457.0,727.8507444737896,93031
5222.700318054861,73457.0,727.8507444737896,93031
5205.422390220364,73457.0,727.8507444737896,93031
5215.357452051685,73457.0,727.8507444737896,93031
5198.610341151386,73457.0,727.8507444737896,93031
5189.99846990266,73457.0,727.8507444737896,93031
5171.796368058371,73457.0,727.8507444737896,93031
5154.136486246386,61214.0,727.8507444737896,93031
5124.026300799114,61214.0,727.8507444737896,93031
5107.732108395634,61214.0,727.8507444737896,93031
5091.114279713049,61214.0,727.8507444737896,93031
5080.448453776042,61214.0,727.8507444737896,93031
5062.859048977805,61214.0,727.8507444737896,93031
5046.543632075472,61214.0,727.8507444737896,93031
5029.543397441056,61214.0,722.8574586425533,93031
5046.72696424766,61214.0,722.8574586425533,93031
5030.238514429437,61214.0,722.8574586425533,93031
5016.338635623575,51012.0,722.8574586425533,93031
5024.398429800933,61214.0,722.8574586425533,93031
4966.51796003029,51012.0,722.8574586425533,93031
4919.744992911038,51012.0,722.8574586425533,93031
4902.856720779221,51012.0,722.8574586425533,93031
4913.252136821978,51012.0,722.8574586425533,93031
4895.852812866258,51012.0,722.8574586425533,93031
4880.115201842451,51012.0,722.8574586425533,93031
4862.931393771,51012.0,722.8574586425533,93031
4766.484308653424,51012.0,722.8574586425533,93031
4750.725506085998,51012.0,722.8574586425533,93031
4734.29892480062,51012.0,722.8574586425533,93031
4728.8565707867365,51012.0,727.0105549424285,93031
4731.728046161664,51012.0,727.0105549424285,93031
4715.266360786362,51012.0,727.0105549424285,93031
4699.031422809187,42510.0,727.0105549424285,93031
4653.489685995874,42510.0,727.0105549424285,93031
4636.841513125713,42510.0,727.0105549424285,93031
4621.1548181714825,42510.0,727.0105549424285,93031
4605.589098498576,42510.0,727.0105549424285,93031
4612.430452688294,42510.0,727.0105549424285,93031
4597.33065758534,42510.0,727.0105549424285,93031
4594.628122094066,42510.0,727.0105549424285,93031
4578.363317301443,42510.0,727.0105549424285,93031
4562.452338566111,42510.0,727.0105549424285,93031
4515.423351422463,35425.0,719.2860014690208,93031
4500.332126593061,35425.0,719.2860014690208,93031
4485.708925627928,35425.0,719.2860014690208,93031
4435.551334349044,35425.0,719.2860014690208,93031
4408.893800267006,35425.0,719.2860014690208,93031
4393.698484527859,35425.0,719.2860014690208,93031
4379.563734552885,35425.0,719.2860014690208,93031
4365.954722469096,35425.0,719.2860014690208,93031
4361.8684313152,35425.0,719.2860014690208,93031
4346.866587900172,29521.0,719.2860014690208,93031
4331.958552981574,29521.0,719.2860014690208,93031
4322.271250466108,29521.0,719.2860014690208,93031
4321.6614961550495,29521.0,715.8570261173576,93031
4307.014712636137,29521.0,715.8570261173576,93031
4291.619060065014,29521.0,715.8570261173576,93031
4224.174214311517,29521.0,715.8570261173576,93031
4209.373432108457,29521.0,715.8570261173576,93031
4195.5102303456815,29521.0,715.8570261173576,93031
4167.529868470623,29521.0,715.8570261173576,93031
4152.8546003262645,29521.0,715.8570261173576,93031
4138.329520714866,29521.0,715.8570261173576,93031
4121.093394300645,29521.0,715.8570261173576,93031
4106.597062745991,29521.0,715.8570261173576,93031
4092.951931956258,29521.0,715.8570261173576,93031
4079.617325198528,29521.0,715.8570261173576,93031
4087.063623269061,24601.0,715.8570261173576,93031
4073.190129937884,24601.0,715.8570261173576,93031
4067.169571798252,24601.0,715.8570261173576,93031
4054.8276882819528,24601.0,715.4686797509835,93031
4065.5340996924697,24601.0,715.4686797509835,93031
4039.8383676669987,24601.0,715.4686797509835,93031
4020.3639998049825,24601.0,715.4686797509835,93031
3987.269819193324,24601.0,715.4686797509835,93031
3974.4635987219613,24601.0,715.4686797509835,93031
3961.3524282722,24601.0,715.4686797509835,93031
3957.1769627189406,24601.0,715.4686797509835,93031
3945.443653618031,24601.0,715.4686797509835,93031
3932.299070914227,24601.0,715.4686797509835,93031
3918.842380874939,24601.0,715.4686797509835,93031
3899.423019899842,24601.0,711.4014446844601,93031
3886.605615543667,24601.0,711.4014446844601,93031
3873.8778362649578,24601.0,711.4014446844601,93031
3877.1412997077464,24601.0,711.4014446844601,93031
3864.444017401544,20501.0,711.4014446844601,93031
3851.6843854361814,20501.0,711.4014446844601,93031
3848.674505277045,20501.0,711.4014446844601,93031
3836.8700624383832,20501.0,711.4014446844601,93031
3830.259689159945,20501.0,711.4014446844601,93031
3836.8495201662104,20501.0,711.4014446844601,93031
3830.3654058145084,20501.0,711.4014446844601,93031
3823.885870011328,20501.0,711.4014446844601,93031
3812.5919139082775,20501.0,711.4014446844601,93031
3807.638203405614,20501.0,711.4014446844601,93031
3802.528699491571,20501.0,695.6500788558452,93031
3795.912443472892,20501.0,695.6500788558452,93031
3790.091273938385,20501.0,695.6500788558452,93031
3731.1917431346565,20501.0,695.6500788558452,93031
3729.3917518860017,20501.0,695.6500788558452,93031
3723.163655525444,20501.0,695.6500788558452,93031
3689.6342583959176,20501.0,695.6500788558452,93031
3684.220648698036,20501.0,695.6500788558452,93031
3684.5413279829886,20501.0,695.6500788558452,93031
3678.4747091033537,20501.0,695.6500788558452,93031
3671.5773094787546,20501.0,695.6500788558452,93031
3665.682578917555,20501.0,695.6500788558452,93031
3658.7740294878163,20501.0,695.6500788558452,93031
3661.550927692041,20501.0,663.9996540818976,93031
3655.1942041522493,20501.0,663.9996540818976,93031
3648.5497445457054,20501.0,663.9996540818976,93031
3642.7688213713636,20501.0,663.9996540818976,93031
3649.4810775250166,20501.0,663.9996540818976,93031
3643.32070615467,20501.0,663.9996540818976,93031
3637.288772449929,20501.0,663.9996540818976,93031
3650.929278123855,20501.0,663.9996540818976,93031
3663.463833222195,20501.0,663.9996540818976,93031
3657.8764338125843,17084.0,663.9996540818976,93031
3652.109955787009,17084.0,663.9996540818976,93031
3639.404633477761,17084.0,663.9996540818976,93031
3633.6708608336567,17084.0,663.9996540818976,93031
3627.8908396140027,17084.0,663.9996540818976,93031
3639.5919443949383,17084.0,637.8542053237705,93031
3633.548343499369,17084.0,637.8542053237705,93031
3627.7837660378696,17084.0,637.8542053237705,93031
3641.9457379566475,17084.0,637.8542053237705,93031
3639.973217471986,17084.0,637.8542053237705,93031
3659.63211415154,17084.0,637.8542053237705,93031
3653.1201794853314,17084.0,637.8542053237705,93031
3638.9692391799545,17084.0,637.8542053237705,93031
3632.6167663581987,17084.0,637.8542053237705,93031
3626.4561467157655,17084.0,637.8542053237705,93031
3603.0842320023316,17084.0,637.8542053237705,93031
3597.3277708094743,17084.0,637.8542053237705,93031
3590.2303452277342,17084.0,637.8542053237705,93031
3600.14422424698,17084.0,609.5775763183069,93031
3594.09204653545,17084.0,609.5775763183069,93031
3587.4955745752504,17084.0,609.5775763183069,93031
3617.3576886165656,17084.0,609.5775763183069,93031
3615.0291517457476,17084.0,609.5775763183069,93031
3608.6030328402644,17084.0,609.5775763183069,93031
3601.4139818870167,17084.0,609.5775763183069,93031
3498.167082247511,14237.0,609.5775763183069,93031
3491.5515016643603,14237.0,609.5775763183069,93031
3485.3788690087504,14237.0,609.5775763183069,93031
3476.6499381814097,14237.0,609.5775763183069,93031
3471.080493504066,14237.0,609.5775763183069,93031
3464.833954945547,11864.0,609.5775763183069,93031
3458.9356417221748,11864.0,587.4316720692254,93031
3457.8441228976794,11864.0,587.4316720692254,93031
3436.494235817829,11864.0,587.4316720692254,93031
3438.8055641065107,11864.0,587.4316720692254,93031
3433.9057549398008,11864.0,587.4316720692254,93031
3428.8538169694184,11864.0,587.4316720692254,93031
3422.848810980272,11864.0,587.4316720692254,93031
3448.984650731745,11864.0,587.4316720692254,93031
3444.331566775872,11864.0,587.4316720692254,93031
3438.8606976654746,11864.0,587.4316720692254,93031
3377.376727752757,11864.0,587.4316720692254,93031
3375.0590768037237,11864.0,587.4316720692254,93031
3375.070275775619,11864.0,556.6622304597543,93031
3368.869092045876,9887.0,556.6622304597543,93031
3357.6911669000337,9887.0,556.6622304597543,93031
3351.1379988591884,9887.0,556.6622304597543,93031
3344.9023916498263,9887.0,556.6622304597543,93031
3338.6908037653875,9887.0,556.6622304597543,93031
3334.3592522405147,9887.0,556.6622304597543,93031
3328.222998917003,9887.0,556.6622304597543,93031
3322.3241926612714,8239.0,556.6622304597543,93031
3323.114486722156,8239.0,556.6622304597543,93031
3317.053672037165,8239.0,556.6622304597543,93031
3310.542742794054,8239.0,556.6622304597543,93031
3318.576109242192,8239.0,556.6622304597543,93031
3330.463387692802,8239.0,538.1715234492162,93031
3324.5798521368033,8239.0,538.1715234492162,93031
3318.396074826125,8239.0,538.1715234492162,93031
3331.3982624507526,8239.0,538.1715234492162,93031
3329.168405966775,8239.0,538.1715234492162,93031
3322.4432701211904,8239.0,538.1715234492162,93031
3318.9637157360407,8239.0,538.1715234492162,93031
3312.379098070186,8239.0,538.1715234492162,93031
3307.219947867203,8239.0,538.1715234492162,93031
3342.1607379493125,8239.0,538.1715234492162,93031
3335.163490326444,8239.0,538.1715234492162,93031
3327.9139404171215,8239.0,538.1715234492162,93031
3345.282679060503,8239.0,516.9855701852741,93031
3337.848841539098,8239.0,516.9855701852741,93031
3330.927034553894,8239.0,516.9855701852741,93031
3325.0954125419335,8239.0,516.9855701852741,93031
3300.2686300943687,6866.0,516.9855701852741,93031
3293.216281619061,6866.0,516.9855701852741,93031
3286.6344471947195,6866.0,516.9855701852741,93031
3292.2057312787238,6866.0,516.9855701852741,93031
3286.4372692195993,6866.0,516.9855701852741,93031
3282.787671658485,6866.0,516.9855701852741,93031
3189.0533821545578,6866.0,493.06401278665084,93031
3184.2157738413216,6866.0,493.06401278665084,93031
3160.8715769389214,6866.0,493.06401278665084,93031
3156.137497565936,6866.0,493.06401278665084,93031
3149.3818409301725,6866.0,493.06401278665084,93031
3149.1534231688765,6866.0,493.06401278665084,93031
3149.8620410130575,5722.0,493.06401278665084,93031
3143.9025674642194,5722.0,493.06401278665084,93031
3137.7326970013946,5722.0,493.06401278665084,93031
3155.435692877292,5722.0,493.06401278665084,93031
3147.964849842923,5722.0,493.06401278665084,93031
3141.2242738861873,5722.0,493.06401278665084,93031
3115.675071077513,5722.0,475.96439045457225,93031
3108.6029970776294,5722.0,475.96439045457225,93031
3102.5922249249447,5722.0,475.96439045457225,93031
3121.242965391944,5722.0,475.96439045457225,93031
3114.5675341315778,5722.0,475.96439045457225,93031
3108.9119157282325,5722.0,475.96439045457225,93031
3113.0036161952303,5722.0,475.96439045457225,93031
3106.8988075485054,5722.0,475.96439045457225,93031
3130.37888712526,5722.0,475.96439045457225,93031
3124.2059210379653,5722.0,475.96439045457225,93031
3117.872112926531,5722.0,475.96439045457225,93031
3125.230110460176,5722.0,475.96439045457225,93031
3119.289211969852,5722.0,475.96439045457225,93031
3112.535949310805,4768.0,475.96439045457225,93031
3062.611052454229,4768.0,465.62098488965614,93031
3056.5914783037256,4768.0,465.62098488965614,93031
3050.2168814634474,4768.0,465.62098488965614,93031
3036.742734366165,4768.0,465.62098488965614,93031
3043.118321742105,4768.0,465.62098488965614,93031
3036.93701682583,4768.0,465.62098488965614,93031
3030.785176619961,4768.0,465.62098488965614,93031
3049.3764167143677,4768.0,465.62098488965614,93031
3042.9866441405447,4768.0,465.62098488965614,93031
3053.6950955061366,4768.0,465.62098488965614,93031
3047.4257521391114,4768.0,465.62098488965614,93031
3041.2461125636437,4768.0,465.62098488965614,93031
3045.4445654440556,4768.0,447.80520260993296,93031
3053.228291251281,4768.0,447.80520260993296,93031
3046.9148782980305,4768.0,447.80520260993296,93031
3040.3654656601675,4768.0,447.80520260993296,93031
3048.8608982147866,4768.0,447.80520260993296,93031
3042.209756324838,4768.0,447.80520260993296,93031
3035.652941313082,4768.0,447.80520260993296,93031
2997.2856741046317,4768.0,447.80520260993296,93031
2990.300960213069,4768.0,447.80520260993296,93031
2984.8188849800804,4768.0,447.80520260993296,93031
2978.445933554349,3973.0,447.80520260993296,93031
2978.2967547277394,3973.0,434.51616834360385,93031
2974.5145789872936,3973.0,434.51616834360385,93031
2968.7203914708525,3973.0,434.51616834360385,93031
2989.325878670585,3973.0,434.51616834360385,93031
2989.1478402140674,3973.0,434.51616834360385,93031
2983.4523315938713,3973.0,434.51616834360385,93031
2998.603311942702,3973.0,434.51616834360385,93031
2992.019958788576,3973.0,434.51616834360385,93031
2985.9032443021642,3973.0,434.51616834360385,93031
2981.732413393805,3973.0,434.51616834360385,93031
3023.626520561438,3973.0,413.76640119053593,93031
3016.9691174665522,3973.0,413.76640119053593,93031
3010.51960256473,3973.0,413.76640119053593,93031
2993.6503896616355,3973.0,413.76640119053593,93031
2986.771435594887,3973.0,413.76640119053593,93031
2979.3189122978933,3973.0,413.76640119053593,93031
2966.870769535702,3973.0,413.76640119053593,93031
2960.062532414611,3973.0,413.76640119053593,93031
2930.4462898406373,3973.0,413.76640119053593,93031
2923.520386132963,3973.0,413.76640119053593,93031
2916.7163174948673,3973.0,413.76640119053593,93031
2834.7521559244306,3973.0,413.76640119053593,93031
2828.5912896574,3973.0,413.76640119053593,93031
2822.3304110946015,3973.0,413.76640119053593,93031
2770.990969641031,3973.0,409.2595925881082,93031
2765.4239703541584,3973.0,409.2595925881082,93031
2759.731144939753,3311.0,409.2595925881082,93031
2762.6317402884565,3973.0,409.2595925881082,93031
2762.3097600803917,3973.0,409.2595925881082,93031
2756.338350818509,3311.0,409.2595925881082,93031
2750.1097135929685,3311.0,409.2595925881082,93031
2744.277502203198,3311.0,409.2595925881082,93031
2752.0833840227087,3311.0,409.2595925881082,93031
2748.742144411274,3311.0,409.2595925881082,93031
2697.7526471942297,3311.0,409.2595925881082,93031
2691.9704015296365,3311.0,409.2595925881082,93031
2685.3125873237645,3311.0,409.2595925881082,93031
2668.991791121113,3311.0,396.0301740075323,93031
2663.093541316205,3311.0,396.0301740075323,93031
2656.534931559032,3311.0,396.0301740075323,93031
2640.4171794871795,3311.0,396.0301740075323,93031
2634.7030004089142,3311.0,396.0301740075323,93031
2628.3192654475065,3311.0,396.0301740075323,93031
2626.2810689735074,3311.0,396.0301740075323,93031
2639.1638176638176,3311.0,396.0301740075323,93031
2633.358839322594,3311.0,396.0301740075323,93031
2627.8490415540973,3311.0,396.0301740075323,93031
2622.5617530915515,3311.0,396.0301740075323,93031
2616.4870028997516,3311.0,396.0301740075323,93031
2611.205698652764,3311.0,396.0301740075323,93031
2605.8355286853616,3311.0,396.0301740075323,93031
2586.7562052134176,3311.0,392.82953801227006,93031
2583.557055500855,3311.0,392.82953801227006,93031
2598.8815930545748,3311.0,392.82953801227006,93031
2596.5329938634286,3311.0,392.82953801227006,93031
2605.5467004005905,3311.0,392.82953801227006,93031
2599.7594893482888,3311.0,392.82953801227006,93031
2595.8675456761644,3311.0,392.82953801227006,93031
2597.0627133444473,3311.0,392.82953801227006,93031
2590.410418643889,3311.0,392.82953801227006,93031
2595.026455026455,3311.0,392.82953801227006,93031
2588.8193233899383,3311.0,392.82953801227006,93031
2582.9763696369637,3311.0,392.82953801227006,93031
2576.935087065339,2759.0,381.7773143849808,93031
2571.177082504047,2759.0,381.7773143849808,93031
2565.2386228415794,2759.0,381.7773143849808,93031
2556.9553404788567,2759.0,381.7773143849808,93031
2553.2291511541325,2759.0,381.7773143849808,93031
2533.230525835948,2759.0,381.7773143849808,93031
2527.7327881120377,2759.0,381.7773143849808,93031
2521.786907076464,2759.0,381.7773143849808,93031
2536.055737528862,2759.0,381.7773143849808,93031
2530.6389349745787,2759.0,381.7773143849808,93031
2525.600085360649,2759.0,381.7773143849808,93031
2540.705687866244,2759.0,381.7773143849808,93031
2535.128868050904,2759.0,381.7773143849808,93031
2530.5013758649247,2759.0,381.7773143849808,93031
2512.6163833741884,2759.0,377.4135532653702,93031
2507.8266544907606,2759.0,377.4135532653702,93031
2527.732144311426,2759.0,377.4135532653702,93031
2524.532215237889,2759.0,377.4135532653702,93031
2521.2705494267793,2759.0,377.4135532653702,93031
2543.834888238352,2759.0,377.4135532653702,93031
2538.338214042263,2759.0,377.4135532653702,93031
2541.87542910499,2759.0,377.4135532653702,93031
2535.5282223863856,2759.0,377.4135532653702,93031
2529.1842241543786,2759.0,377.4135532653702,93031
2468.9685501797526,2759.0,377.4135532653702,93031
2462.9851554170427,2759.0,377.4135532653702,93031
2457.7497274907346,2759.0,377.4135532653702,93031
2464.5642112214855,2759.0,370.0565557520016,93031
2460.7040544621045,2759.0,370.0565557520016,93031
2449.386077525385,2759.0,370.0565557520016,93031
2443.261975635301,2759.0,370.0565557520016,93031
2437.4021858523724,2759.0,370.0565557520016,93031
2453.4527695419656,2759.0,370.0565557520016,93031
2447.7074867491165,2759.0,370.0565557520016,93031
2441.6117268501966,2759.0,370.0565557520016,93031
2443.1732669157327,2759.0,370.0565557520016,93031
2437.727766594049,2759.0,370.0565557520016,93031
2432.065948560123,2759.0,370.0565557520016,93031
2415.4724881378506,2299.0,370.0565557520016,93031
2411.051034097261,2299.0,364.6630273497606,93031
2405.32029292198,2299.0,364.6630273497606,93031
2399.645351901684,2299.0,364.6630273497606,93031
2395.5643175341024,2299.0,364.6630273497606,93031
2416.4616181701067,2299.0,364.6630273497606,93031
2413.0651967359713,2299.0,364.6630273497606,93031
2409.840902043693,2299.0,364.6630273497606,93031
2404.4938337500353,2299.0,364.6630273497606,93031
2401.2748519788097,2299.0,364.6630273497606,93031
2394.969159142212,2299.0,364.6630273497606,93031
2389.4797323888233,2299.0,364.6630273497606,93031
2400.3004080244814,2299.0,364.6630273497606,93031
2395.3316201180423,2299.0,364.6630273497606,93031
2389.6693489392833,2299.0,364.6630273497606,93031
2402.4432875624148,2299.0,360.6122353413599,93031
2399.794846382557,2299.0,360.6122353413599,93031
2412.957814819043,2299.0,360.6122353413599,93031
2407.363080510764,2299.0,360.6122353413599,93031
2401.948139541474,2299.0,360.6122353413599,93031
2400.149808669827,2299.0,360.6122353413599,93031
2394.406093536641,2299.0,360.6122353413599,93031
2388.2185543056303,2299.0,360.6122353413599,93031
2358.7652265783386,2299.0,360.6122353413599,93031
2353.3124982218555,2299.0,360.6122353413599,93031
2348.128763395135,2299.0,360.6122353413599,93031
2324.6271957429767,2299.0,360.6122353413599,93031
2320.5478424550097,2299.0,360.6122353413599,93031
2323.744250229991,2299.0,355.86189528646105,93031
2318.716123302584,2299.0,355.86189528646105,93031
2313.5605481016273,2299.0,355.86189528646105,93031
2329.1330083364583,2299.0,355.86189528646105,93031
2327.556231090621,2299.0,355.86189528646105,93031
2327.6976642717937,2299.0,355.86189528646105,93031
2322.6198811766412,2299.0,355.86189528646105,93031
2311.5230881494454,2299.0,355.86189528646105,93031
2306.082434357826,2299.0,355.86189528646105,93031
2300.25599443994,2299.0,355.86189528646105,93031
2121.136101937633,2299.0,355.86189528646105,93031
2116.457385784585,2299.0,355.86189528646105,93031
2112.3020948180815,2299.0,355.86189528646105,93031
2094.49283065152,2299.0,350.62785112935813,93031
2098.739163767176,2299.0,350.62785112935813,93031
2094.4864714004525,2299.0,350.62785112935813,93031
2089.521228968544,2299.0,350.62785112935813,93031
2097.577699115044,2299.0,350.62785112935813,93031
2092.9673484982072,2299.0,350.62785112935813,93031
2087.6110444528986,2299.0,350.62785112935813,93031
2083.1476050260926,2299.0,350.62785112935813,93031
2091.581309398099,2299.0,350.62785112935813,93031
2086.9138374335303,2299.0,350.62785112935813,93031
2082.754170912797,2299.0,350.62785112935813,93031
2044.3105869220374,2299.0,350.62785112935813,93031
2052.231764740723,2299.0,346.18009372939747,93031
2047.2736603061314,2299.0,346.18009372939747,93031
2043.3219123740118,2299.0,346.18009372939747,93031
2057.3166731049237,2299.0,346.18009372939747,93031
2055.3841841426156,2299.0,346.18009372939747,93031
2065.95778987675,2299.0,346.18009372939747,93031
2062.107960644007,2299.0,346.18009372939747,93031
2033.0242466123848,2299.0,346.18009372939747,93031
2028.8043289524892,2299.0,346.18009372939747,93031
2024.561636889671,2299.0,346.18009372939747,93031
2020.0808473971952,2299.0,346.18009372939747,93031
2030.5010182689427,2299.0,346.18009372939747,93031
2027.0914139001673,2299.0,346.18009372939747,93031
2022.9815845059948,2299.0,346.18009372939747,93031
2022.470235237638,2299.0,342.0879593759374,93031
2026.3777420918677,2299.0,342.0879593759374,93031
2022.5736452830188,2299.0,342.0879593759374,93031
2018.501037687611,2299.0,342.0879593759374,93031
2016.3839512904399,2299.0,342.0879593759374,93031
2012.1058031807345,2299.0,342.0879593759374,93031
2008.5017140795092,2299.0,342.0879593759374,93031
2013.9597329692003,2299.0,342.0879593759374,93031
2009.4793121165412,2299.0,342.0879593759374,93031
2005.8331978197368,2299.0,342.0879593759374,93031
2002.1249662456119,2299.0,342.0879593759374,93031
2021.5238503459677,2299.0,336.356106620005,93031
2017.7309147494966,2299.0,336.356106620005,93031
2013.589912747393,2299.0,336.356106620005,93031
1984.748680495888,1916.0,336.356106620005,93031
1984.2915247998528,1916.0,336.356106620005,93031
1979.7423770241369,1916.0,336.356106620005,93031
1970.0466785802316,1916.0,336.356106620005,93031
1980.0488372815053,1916.0,336.356106620005,93031
1975.9584609198603,1916.0,336.356106620005,93031
1971.2415758023778,1916.0,336.356106620005,93031
1981.4055127886763,1916.0,336.356106620005,93031
1976.1540220649588,1916.0,336.356106620005,93031
1972.0222290640395,1916.0,336.356106620005,93031
1964.7811588808238,1916.0,332.2498990528436,93031
1960.2677832025215,1916.0,332.2498990528436,93031
1955.7628678734145,1916.0,332.2498990528436,93031
1967.1594634873322,1916.0,332.2498990528436,93031
1962.6970156177517,1916.0,332.2498990528436,93031
1956.5408191870424,1916.0,332.2498990528436,93031
1952.0494865191897,1916.0,332.2498990528436,93031
1947.1015692573828,1916.0,332.2498990528436,93031
1955.743569006812,1916.0,332.2498990528436,93031
1951.3607857718287,1916.0,332.2498990528436,93031
1947.1864276015306,1916.0,332.2498990528436,93031
1958.4494987234573,1916.0,332.2498990528436,93031
1954.2914611829658,1916.0,332.2498990528436,93031
1952.1423928184493,1916.0,332.2498990528436,93031
1922.002463745517,1916.0,331.0465755643039,93031
1918.71316648531,1916.0,331.0465755643039,93031
1931.5013216690793,1916.0,331.0465755643039,93031
1930.9910677779526,1916.0,331.0465755643039,93031
1926.228488226453,1916.0,331.0465755643039,93031
1932.9560626595644,1916.0,331.0465755643039,93031
1930.2626183213308,1916.0,331.0465755643039,93031
1937.6455206118499,1916.0,331.0465755643039,93031
1933.0614392718307,1916.0,331.0465755643039,93031
1928.1812517700369,1916.0,331.0465755643039,93031
1936.8382003234092,1916.0,331.0465755643039,93031
1932.8493604926575,1916.0,331.0465755643039,93031
1930.6892113048405,1916.0,331.0465755643039,93031
1927.21194739344,1916.0,325.7497918362572,93031
1922.9135237494083,1916.0,325.7497918362572,93031
1919.2425328554361,1916.0,325.7497918362572,93031
1918.1794855549924,1916.0,325.7497918362572,93031
1929.5796373868832,1916.0,325.7497918362572,93031
1926.7393077952706,1916.0,325.7497918362572,93031
1922.757158275665,1916.0,325.7497918362572,93031
1929.688684682377,1916.0,325.7497918362572,93031
1925.5313964983895,1916.0,325.7497918362572,93031
1921.2459344428917,1916.0,325.7497918362572,93031
1925.927134312126,1916.0,325.7497918362572,93031
1922.2244566256613,1916.0,325.7497918362572,93031
1917.6424854023865,1916.0,325.7497918362572,93031
1904.8630084420568,1916.0,325.64186843986073,93031
1902.0938296787353,1916.0,325.64186843986073,93031
1913.4839799266551,1916.0,325.64186843986073,93031
1911.5675753780945,1916.0,325.64186843986073,93031
1912.1836151773832,1916.0,325.64186843986073,93031
1910.1385821161382,1916.0,325.64186843986073,93031
1904.9517330324036,1916.0,325.64186843986073,93031
1833.9841130604289,1916.0,325.64186843986073,93031
1830.1586372019283,1916.0,325.64186843986073,93031
1826.6112221219544,1916.0,325.64186843986073,93031
1821.4808541017653,1916.0,325.64186843986073,93031
1831.4736704303714,1916.0,316.9393531359135,93031
1827.526368970013,1916.0,316.9393531359135,93031
1823.8482890721382,1916.0,316.9393531359135,93031
1820.4942275975811,1916.0,316.9393531359135,93031
1826.1685503045305,1916.0,316.9393531359135,93031
1822.1733307390473,1916.0,316.9393531359135,93031
1818.350106582262,1916.0,316.9393531359135,93031
1825.41889210552,1916.0,316.9393531359135,93031
1821.69902157714,1916.0,316.9393531359135,93031
1817.8940440085178,1916.0,316.9393531359135,93031
1808.2054812355564,1916.0,316.9393531359135,93031
1818.2236846424,1916.0,316.9393531359135,93031
1813.942912227959,1916.0,316.9393531359135,93031
1809.8490351134108,1916.0,316.9393531359135,93031
1817.7637932165585,1916.0,318.68723395251317,93031
1813.2316985567818,1916.0,318.68723395251317,93031
1809.2587126137842,1916.0,318.68723395251317,93031
1805.2134680355562,1916.0,318.68723395251317,93031
1805.041487652094,1916.0,318.68723395251317,93031
1790.7139067577425,1916.0,318.68723395251317,93031
1787.7797892372237,1916.0,318.68723395251317,93031
1732.912547402036,1916.0,318.68723395251317,93031
1730.136143699874,1916.0,318.68723395251317,93031
1726.3391737609713,1916.0,318.68723395251317,93031
1732.6672762335418,1916.0,318.68723395251317,93031
1729.7839960238568,1916.0,318.68723395251317,93031
1726.4933170522424,1916.0,318.68723395251317,93031
1723.3860618014464,1916.0,318.68723395251317,93031
1732.3131051863643,1916.0,315.274151173985,93031
1739.7494655264563,1916.0,315.274151173985,93031
1735.8883160940566,1916.0,315.274151173985,93031
1732.807042533457,1916.0,315.274151173985,93031
1720.858506307148,1916.0,315.274151173985,93031
1716.9751794258373,1916.0,315.274151173985,93031
1713.0651915062513,1916.0,315.274151173985,93031
1720.0248800959232,1916.0,315.274151173985,93031
1716.6149177500663,1916.0,315.274151173985,93031
1713.0756094338376,1916.0,315.274151173985,93031
1720.1263694182678,1916.0,315.274151173985,93031
1717.7320942582144,1916.0,315.274151173985,93031
1720.6310828877006,1916.0,313.66911066604956,93031
1716.7154455313769,1916.0,313.66911066604956,93031
1713.1313687141578,1916.0,313.66911066604956,93031
1701.0566195954784,1916.0,313.66911066604956,93031
1700.6929471708233,1916.0,313.66911066604956,93031
1697.504089194512,1916.0,313.66911066604956,93031
1705.8800848599137,1916.0,313.66911066604956,93031
1713.9741440738353,1916.0,313.66911066604956,93031
1710.694195598526,1916.0,313.66911066604956,93031
1706.811523963382,1916.0,313.66911066604956,93031
1713.203851239109,1916.0,313.66911066604956,93031
1709.5079815058552,1916.0,313.66911066604956,93031
1707.3282848680667,1916.0,313.66911066604956,93031
1711.6900027148092,1916.0,308.86624976004964,93031
1707.9565863711612,1916.0,308.86624976004964,93031
1704.439625878949,1916.0,308.86624976004964,93031
1707.9217267552183,1916.0,308.86624976004964,93031
1714.0939840623823,1916.0,308.86624976004964,93031
1710.4319915542842,1916.0,308.86624976004964,93031
1706.944738269596,1916.0,308.86624976004964,93031
1714.047749163194,1916.0,308.86624976004964,93031
1710.135393296621,1916.0,308.86624976004964,93031
1706.4794395370088,1916.0,308.86624976004964,93031
1707.8890213983916,1916.0,308.86624976004964,93031
1704.6229853075906,1916.0,308.86624976004964,93031
1700.971626414457,1916.0,308.86624976004964,93031
1700.590966336499,1916.0,311.09970911208313,93031
1697.3626287960954,1916.0,311.09970911208313,93031
1707.3497670275456,1916.0,311.09970911208313,93031
1706.2360588436538,1916.0,311.09970911208313,93031
1704.708940702557,1916.0,311.09970911208313,93031
1684.5241148688247,1916.0,311.09970911208313,93031
1681.767740605894,1916.0,311.09970911208313,93031
1677.359677309086,1916.0,311.09970911208313,93031
1661.351183920705,1916.0,311.09970911208313,93031
1658.185706940874,1916.0,311.09970911208313,93031
1654.5552143052143,1916.0,311.09970911208313,93031
1661.4278976901098,1916.0,311.09970911208313,93031
1661.5002604437962,1916.0,303.2880716794817,93031
1657.9508485707372,1916.0,303.2880716794817,93031
1654.8501359584209,1916.0,303.2880716794817,93031
1661.2167434769049,1916.0,303.2880716794817,93031
1657.45776858079,1916.0,303.2880716794817,93031
1654.092032967033,1916.0,303.2880716794817,93031
1659.9660372138064,1916.0,303.2880716794817,93031
1656.8344409627769,1916.0,303.2880716794817,93031
1653.7014638828894,1916.0,303.2880716794817,93031
1660.1499171156238,1916.0,303.2880716794817,93031
1656.877080181543,1916.0,303.2880716794817,93031
1578.0973107845855,1916.0,303.2880716794817,93031
1575.0935150051741,1916.0,303.2880716794817,93031
1580.4570178180682,1916.0,304.83216821298527,93031
1577.6489954006295,1916.0,304.83216821298527,93031
1574.5388720561907,1916.0,304.83216821298527,93031
1556.0786861263018,1916.0,304.83216821298527,93031
1554.8179542451846,1916.0,304.83216821298527,93031
1553.0341992993654,1916.0,304.83216821298527,93031
1559.1686944968883,1916.0,304.83216821298527,93031
1551.9872829111916,1916.0,304.83216821298527,93031
1549.2212010663673,1916.0,304.83216821298527,93031
1546.234961224062,1916.0,304.83216821298527,93031
1542.5981435127242,1916.0,304.83216821298527,93031
1535.2145033089394,1916.0,304.83216821298527,93031
1532.8448552493896,1916.0,304.83216821298527,93031
1529.7433483848558,1916.0,304.83216821298527,93031
1535.7679546409072,1916.0,304.3658537895358,93031
1532.6899195093906,1916.0,304.3658537895358,93031
1530.0305523730167,1916.0,304.3658537895358,93031
1534.9793233740336,1916.0,304.3658537895358,93031
1537.5379057554717,1916.0,304.3658537895358,93031
1534.4269824561404,1916.0,304.3658537895358,93031
1531.7441576134418,1916.0,304.3658537895358,93031
1528.6206968495724,1916.0,304.3658537895358,93031
1533.4293171705847,1916.0,304.3658537895358,93031
1530.4481459517913,1916.0,304.3658537895358,93031
1527.9144931059632,1916.0,304.3658537895358,93031
1528.6780520206964,1916.0,304.3658537895358,93031
1526.1198509697413,1916.0,304.3658537895358,93031
1524.8992086630572,1916.0,304.3658537895358,93031
1529.8317230273751,1916.0,305.6798555698607,93031
1537.409171388102,1916.0,305.6798555698607,93031
1537.4524273219786,1916.0,305.6798555698607,93031
1535.4920422063028,1916.0,305.6798555698607,93031
1533.095319330419,1916.0,305.6798555698607,93031
1530.183445348426,1916.0,305.6798555698607,93031
1526.544372865843,1916.0,305.6798555698607,93031
1533.457046383508,1916.0,305.6798555698607,93031
1539.9995344173053,1916.0,305.6798555698607,93031
1536.942143162698,1916.0,305.6798555698607,93031
1533.4678420660541,1916.0,305.6798555698607,93031
1536.471231505968,1916.0,298.76530809500093,93031
1533.2519561815336,1916.0,298.76530809500093,93031
1529.9872902357856,1916.0,298.76530809500093,93031
1534.9254981641893,1916.0,298.76530809500093,93031
1532.070163608617,1916.0,298.76530809500093,93031
1529.1527507861913,1916.0,298.76530809500093,93031
1534.1913114637443,1916.0,298.76530809500093,93031
1530.8123184812637,1916.0,298.76530809500093,93031
1523.7576644419858,1916.0,298.76530809500093,93031
1521.0467289719627,1916.0,298.76530809500093,93031
1518.139956131041,1916.0,298.76530809500093,93031
1311.318789434285,1916.0,298.76530809500093,93031
1317.322814241596,1916.0,298.76530809500093,93031
1287.3181590795398,1916.0,300.89490047743277,93031
1285.583736482641,1916.0,300.89490047743277,93031
1283.4947245432659,1916.0,300.89490047743277,93031
1282.4615629195223,1916.0,300.89490047743277,93031
1287.7098584501,1916.0,300.89490047743277,93031
1292.554559259527,1916.0,300.89490047743277,93031
1291.2445726649837,1916.0,300.89490047743277,93031
1289.4513661987003,1916.0,300.89490047743277,93031
1292.5277124986442,1916.0,300.89490047743277,93031
1290.5486598309049,1916.0,300.89490047743277,93031
1288.5242429672103,1916.0,300.89490047743277,93031
1282.4193082533036,1916.0,300.89490047743277,93031
1280.8591427646022,1916.0,300.89490047743277,93031
1285.1174657285849,1916.0,295.06654603922243,93031
1283.2974514475488,1916.0,295.06654603922243,93031
1286.556383597499,1916.0,295.06654603922243,93031
1284.1612658227848,1916.0,295.06654603922243,93031
1282.0877780177068,1916.0,295.06654603922243,93031
1285.4378713229967,1916.0,295.06654603922243,93031
1283.0489581080108,1916.0,295.06654603922243,93031
1280.8969649135395,1916.0,295.06654603922243,93031
1278.5915729334047,1916.0,295.06654603922243,93031
1262.5633990218641,1916.0,295.06654603922243,93031
1260.2341865043852,1916.0,295.06654603922243,93031
1264.7018994655496,1916.0,295.06654603922243,93031
1262.69030333525,1916.0,297.6837685118605,93031
1265.7516280752532,1916.0,297.6837685118605,93031
1263.7793540488965,1916.0,297.6837685118605,93031
1262.5660194523202,1916.0,297.6837685118605,93031
1264.5152483299448,1916.0,297.6837685118605,93031
1263.1451367781156,1916.0,297.6837685118605,93031
1261.4485789416808,1916.0,297.6837685118605,93031
1254.0981666364132,1916.0,297.6837685118605,93031
1251.1938163190632,1916.0,297.6837685118605,93031
1249.7571860541368,1916.0,297.6837685118605,93031
1247.973592571097,1916.0,297.6837685118605,93031
1250.4328685113528,1916.0,297.6837685118605,93031
1248.6175562257022,1916.0,297.6837685118605,93031
1247.112345723696,1916.0,297.6837685118605,93031
1250.6601977164119,1916.0,297.18134612216085,93031
1249.0520046484603,1916.0,297.18134612216085,93031
1247.4358075129253,1916.0,297.18134612216085,93031
1216.4730767830488,1916.0,297.18134612216085,93031
1194.5334140258217,1916.0,297.18134612216085,93031
1193.4375593368875,1916.0,297.18134612216085,93031
1191.5706602710854,1916.0,297.18134612216085,93031
1194.6041659040159,1916.0,297.18134612216085,93031
1193.284772073024,1916.0,297.18134612216085,93031
1191.9639061196358,1916.0,297.18134612216085,93031
1190.646740111974,1916.0,297.18134612216085,93031
1193.4234224404438,1916.0,297.18134612216085,93031
1191.7745438748914,1916.0,297.18134612216085,93031
1190.5987961361016,1916.0,297.18134612216085,93031
1193.415716878403,1916.0,300.7648478284892,93031
1192.4706647868995,1916.0,300.7648478284892,93031
1191.8549574253138,1916.0,300.7648478284892,93031
1195.8875305623471,1916.0,300.7648478284892,93031
1199.8184566603989,1916.0,300.7648478284892,93031
1198.182115074123,1916.0,300.7648478284892,93031
1196.5688609629576,1916.0,300.7648478284892,93031
1199.5994851048179,1916.0,300.7648478284892,93031
1198.3062225475842,1916.0,300.7648478284892,93031
1197.27695899606,1916.0,300.7648478284892,93031
1201.03625,1916.0,300.7648478284892,93031
1174.769788698516,1916.0,293.2998067673182,93031
1173.5915638239087,1916.0,293.2998067673182,93031
1171.938344873063,1916.0,293.2998067673182,93031
1174.7274001918677,1916.0,293.2998067673182,93031
1173.4686031139836,1916.0,293.2998067673182,93031
1172.062509138763,1916.0,293.2998067673182,93031
1172.4022963126517,1916.0,293.2998067673182,93031
1171.2081699945045,1916.0,293.2998067673182,93031
1170.2392691732614,1916.0,293.2998067673182,93031
1172.912609238452,1916.0,293.2998067673182,93031
1176.0958919319023,1916.0,293.2998067673182,93031
1174.7954461719844,1916.0,293.2998067673182,93031
1173.3821415474881,1916.0,293.2998067673182,93031
1175.6446717376855,1916.0,296.2821655516766,93031
1174.4681804820693,1916.0,296.2821655516766,93031
1172.884692721091,1916.0,296.2821655516766,93031
1174.8611675220618,1916.0,296.2821655516766,93031
1174.5570190001845,1916.0,296.2821655516766,93031
1173.8791859866049,1916.0,296.2821655516766,93031
1177.4207613741876,1916.0,296.2821655516766,93031
1179.0756487921622,1916.0,296.2821655516766,93031
1177.5252168087245,1916.0,296.2821655516766,93031
1176.1109423618313,1916.0,296.2821655516766,93031
1173.530846698993,1916.0,296.2821655516766,93031
1171.8428825886892,1916.0,296.2821655516766,93031
1170.4345143532714,1916.0,296.2821655516766,93031
1168.5620129392737,1916.0,296.2821655516766,93031
1170.7392929853786,1916.0,295.52401345441064,93031
1168.9934447963467,1916.0,295.52401345441064,93031
1167.0208478364416,1916.0,295.52401345441064,93031
1169.811364643332,1916.0,295.52401345441064,93031
1173.4426461286603,1916.0,295.52401345441064,93031
1172.1115800385014,1916.0,295.52401345441064,93031
1171.0026163540554,1916.0,295.52401345441064,93031
1159.4318417928168,1916.0,295.52401345441064,93031
1157.6274314398554,1916.0,295.52401345441064,93031
1156.1162602820211,1916.0,295.52401345441064,93031
1105.3053799223517,1916.0,295.52401345441064,93031
1104.295185157918,1916.0,295.52401345441064,93031
1103.6600087957195,1916.0,295.52401345441064,93031
1098.044935937673,1916.0,298.8882235887119,93031
1096.7185065412318,1916.0,298.8882235887119,93031
1096.1254444811027,1916.0,298.8882235887119,93031
1099.2870758390507,1916.0,298.8882235887119,93031
1101.2302730273027,1916.0,298.8882235887119,93031
1099.9167164401972,1916.0,298.8882235887119,93031
1098.8178643085382,1916.0,298.8882235887119,93031
1092.2664371515175,1916.0,298.8882235887119,93031
1091.0315805154178,1916.0,298.8882235887119,93031
1090.4887248720422,1916.0,298.8882235887119,93031
1092.8244426155918,1916.0,298.8882235887119,93031
1095.01895323863,1916.0,291.5252557659307,93031
1094.2789049315581,1916.0,291.5252557659307,93031
1093.3700123175693,1916.0,291.5252557659307,93031
1094.860661902971,1916.0,291.5252557659307,93031
1093.5077262693158,1916.0,291.5252557659307,93031
1092.6989799717073,1916.0,291.5252557659307,93031
1094.3001161788404,1916.0,291.5252557659307,93031
1093.477738384027,1916.0,291.5252557659307,93031
1092.7124967485415,1916.0,291.5252557659307,93031
1091.4639251506972,1916.0,291.5252557659307,93031
1083.1717115305858,1916.0,291.5252557659307,93031
1082.0247554106138,1916.0,291.5252557659307,93031
1084.9891962616823,1916.0,291.5252557659307,93031
1083.8461881740425,1916.0,291.5252557659307,93031
1085.728589609223,1916.0,295.17720667782163,93031
1085.8328179142293,1916.0,295.17720667782163,93031
1085.8381359079094,1916.0,295.17720667782163,93031
1088.056929765385,1916.0,295.17720667782163,93031
1087.292992918375,1916.0,295.17720667782163,93031
1085.796998332407,1916.0,295.17720667782163,93031
1067.263658400149,1916.0,295.17720667782163,93031
1066.0723976868328,1916.0,295.17720667782163,93031
1066.2818534244047,1916.0,295.17720667782163,93031
1068.9865911799761,1916.0,295.17720667782163,93031
